2026-02-18 11:33:05 [main] INFO  r.p.s.u.UserServiceIntegrationTest - Starting UserServiceIntegrationTest using Java 21.0.9 with PID 6559 (started by simon in /home/simon/dev/java-shareit/server)
2026-02-18 11:33:05 [main] DEBUG r.p.s.u.UserServiceIntegrationTest - Running with Spring Boot v3.3.2, Spring v6.1.11
2026-02-18 11:33:05 [main] INFO  r.p.s.u.UserServiceIntegrationTest - The following 1 profile is active: "test"
2026-02-18 11:33:08 [main] WARN  org.hibernate.orm.deprecation - HHH90000025: H2Dialect does not need to be specified explicitly using 'hibernate.dialect' (remove the property setting and it will be selected by default)
2026-02-18 11:33:09 [main] DEBUG org.hibernate.SQL - 
    drop table if exists bookings cascade 
2026-02-18 11:33:09 [main] DEBUG org.hibernate.SQL - 
    drop table if exists comments cascade 
2026-02-18 11:33:09 [main] DEBUG org.hibernate.SQL - 
    drop table if exists items cascade 
2026-02-18 11:33:09 [main] DEBUG org.hibernate.SQL - 
    drop table if exists requests cascade 
2026-02-18 11:33:09 [main] DEBUG org.hibernate.SQL - 
    drop table if exists users cascade 
2026-02-18 11:33:09 [main] DEBUG org.hibernate.SQL - 
    create table bookings (
        booker_id bigint not null,
        end_date timestamp(6) not null,
        id bigint generated by default as identity,
        item_id bigint not null,
        start_date timestamp(6) not null,
        status enum ('APPROVED','CANCELED','REJECTED','WAITING') not null,
        primary key (id)
    )
2026-02-18 11:33:09 [main] DEBUG org.hibernate.SQL - 
    create table comments (
        author_id bigint not null,
        created timestamp(6) not null,
        id bigint generated by default as identity,
        item_id bigint not null,
        text TEXT not null,
        primary key (id)
    )
2026-02-18 11:33:09 [main] DEBUG org.hibernate.SQL - 
    create table items (
        is_available boolean not null,
        id bigint generated by default as identity,
        owner_id bigint not null,
        request_id bigint,
        description varchar(1000) not null,
        name varchar(255) not null,
        primary key (id)
    )
2026-02-18 11:33:09 [main] DEBUG org.hibernate.SQL - 
    create table requests (
        created_date timestamp(6) not null,
        id bigint generated by default as identity,
        requester_id bigint not null,
        description varchar(255) not null,
        primary key (id)
    )
2026-02-18 11:33:09 [main] DEBUG org.hibernate.SQL - 
    create table users (
        id bigint generated by default as identity,
        email varchar(512) not null unique,
        name varchar(255) not null,
        primary key (id)
    )
2026-02-18 11:33:09 [main] DEBUG org.hibernate.SQL - 
    alter table if exists bookings 
       add constraint FKc9bnqnreuuvddcscmp59fowih 
       foreign key (booker_id) 
       references users
2026-02-18 11:33:09 [main] DEBUG org.hibernate.SQL - 
    alter table if exists bookings 
       add constraint FKbtv44e8p4a4pq8hfuakjbtfpc 
       foreign key (item_id) 
       references items
2026-02-18 11:33:09 [main] DEBUG org.hibernate.SQL - 
    alter table if exists comments 
       add constraint FKn2na60ukhs76ibtpt9burkm27 
       foreign key (author_id) 
       references users
2026-02-18 11:33:09 [main] DEBUG org.hibernate.SQL - 
    alter table if exists comments 
       add constraint FKkbkydvf8j8tfuego2iqxntwv2 
       foreign key (item_id) 
       references items
2026-02-18 11:33:09 [main] DEBUG org.hibernate.SQL - 
    alter table if exists items 
       add constraint FKe37yi0i6rmaqcqickvb1vty22 
       foreign key (owner_id) 
       references users
2026-02-18 11:33:09 [main] DEBUG org.hibernate.SQL - 
    alter table if exists items 
       add constraint FKt16u3oeb0g6y6t9mq43idponc 
       foreign key (request_id) 
       references requests
2026-02-18 11:33:09 [main] DEBUG org.hibernate.SQL - 
    alter table if exists requests 
       add constraint FKeoax2t4j9i61p9lmon3009tr4 
       foreign key (requester_id) 
       references users
2026-02-18 11:33:11 [main] WARN  o.s.b.a.o.j.JpaBaseConfiguration$JpaWebConfiguration - spring.jpa.open-in-view is enabled by default. Therefore, database queries may be performed during view rendering. Explicitly configure spring.jpa.open-in-view to disable this warning
2026-02-18 11:33:12 [main] INFO  r.p.s.u.UserServiceIntegrationTest - Started UserServiceIntegrationTest in 7.937 seconds (process running for 9.22)
2026-02-18 11:33:13 [main] DEBUG org.hibernate.SQL - 
    select
        u1_0.id 
    from
        users u1_0 
    where
        u1_0.email=? 
    fetch
        first ? rows only
2026-02-18 11:33:13 [main] DEBUG org.hibernate.SQL - 
    insert 
    into
        users
        (email, name, id) 
    values
        (?, ?, default)
2026-02-18 11:33:13 [main] INFO  r.practicum.shareit.user.UserService - Создан пользователь с ID: 1
2026-02-18 11:33:13 [main] DEBUG org.hibernate.SQL - 
    insert 
    into
        users
        (email, name, id) 
    values
        (?, ?, default)
2026-02-18 11:33:13 [main] DEBUG org.hibernate.SQL - 
    select
        count(*) 
    from
        users u1_0 
    where
        u1_0.id=?
2026-02-18 11:33:13 [main] INFO  r.practicum.shareit.user.UserService - Удален пользователь с ID: 2
2026-02-18 11:33:13 [main] DEBUG org.hibernate.SQL - 
    insert 
    into
        users
        (email, name, id) 
    values
        (?, ?, default)
2026-02-18 11:33:13 [main] DEBUG org.hibernate.SQL - 
    select
        u1_0.id,
        u1_0.email,
        u1_0.name 
    from
        users u1_0 
    where
        u1_0.id=?
2026-02-18 11:33:13 [main] DEBUG org.hibernate.SQL - 
    insert 
    into
        users
        (email, name, id) 
    values
        (?, ?, default)
2026-02-18 11:33:13 [main] DEBUG org.hibernate.SQL - 
    select
        u1_0.id 
    from
        users u1_0 
    where
        u1_0.email=? 
    fetch
        first ? rows only
2026-02-18 11:33:13 [main] INFO  r.practicum.shareit.user.UserService - Обновлен пользователь с ID: 4
2026-02-18 11:33:13 [main] DEBUG org.hibernate.SQL - 
    insert 
    into
        users
        (email, name, id) 
    values
        (?, ?, default)
2026-02-18 11:33:13 [main] DEBUG org.hibernate.SQL - 
    select
        u1_0.id 
    from
        users u1_0 
    where
        u1_0.email=? 
    fetch
        first ? rows only
2026-02-18 11:33:13 [main] INFO  r.p.shareit.user.UserControllerTest - Starting UserControllerTest using Java 21.0.9 with PID 6559 (started by simon in /home/simon/dev/java-shareit/server)
2026-02-18 11:33:13 [main] DEBUG r.p.shareit.user.UserControllerTest - Running with Spring Boot v3.3.2, Spring v6.1.11
2026-02-18 11:33:13 [main] INFO  r.p.shareit.user.UserControllerTest - The following 1 profile is active: "test"
2026-02-18 11:33:14 [main] INFO  r.p.shareit.user.UserControllerTest - Started UserControllerTest in 0.658 seconds (process running for 11.064)
2026-02-18 11:33:14 [main] INFO  r.p.shareit.user.UserController - GET /users/1 - получение пользователя
2026-02-18 11:33:14 [main] INFO  r.p.shareit.user.UserController - PATCH /users/1 - обновление пользователя: UserDto(id=null, name=NewName, email=new@example.com)
2026-02-18 11:33:14 [main] INFO  r.p.shareit.user.UserController - GET /users - получение всех пользователей
2026-02-18 11:33:14 [main] INFO  r.p.shareit.user.UserController - POST /users - создание пользователя: UserDto(id=null, name=John, email=john@example.com)
2026-02-18 11:33:14 [main] INFO  r.p.shareit.user.UserController - DELETE /users/1 - удаление пользователя
2026-02-18 11:33:14 [main] INFO  r.p.shareit.user.UserDtoJsonTest - Starting UserDtoJsonTest using Java 21.0.9 with PID 6559 (started by simon in /home/simon/dev/java-shareit/server)
2026-02-18 11:33:14 [main] DEBUG r.p.shareit.user.UserDtoJsonTest - Running with Spring Boot v3.3.2, Spring v6.1.11
2026-02-18 11:33:14 [main] INFO  r.p.shareit.user.UserDtoJsonTest - The following 1 profile is active: "test"
2026-02-18 11:33:14 [main] INFO  r.p.shareit.user.UserDtoJsonTest - Started UserDtoJsonTest in 0.203 seconds (process running for 11.58)
2026-02-18 11:33:15 [main] DEBUG org.hibernate.SQL - 
    insert 
    into
        users
        (email, name, id) 
    values
        (?, ?, default)
2026-02-18 11:33:15 [main] DEBUG org.hibernate.SQL - 
    insert 
    into
        users
        (email, name, id) 
    values
        (?, ?, default)
2026-02-18 11:33:15 [main] DEBUG org.hibernate.SQL - 
    insert 
    into
        requests
        (created_date, description, requester_id, id) 
    values
        (?, ?, ?, default)
2026-02-18 11:33:15 [main] DEBUG org.hibernate.SQL - 
    insert 
    into
        items
        (is_available, description, name, owner_id, request_id, id) 
    values
        (?, ?, ?, ?, ?, default)
2026-02-18 11:33:15 [main] DEBUG org.hibernate.SQL - 
    select
        ir1_0.id,
        ir1_0.created_date,
        ir1_0.description,
        ir1_0.requester_id 
    from
        requests ir1_0 
    where
        ir1_0.id=?
2026-02-18 11:33:15 [main] DEBUG org.hibernate.SQL - 
    select
        ir1_0.id,
        ir1_0.created_date,
        ir1_0.description,
        ir1_0.requester_id 
    from
        requests ir1_0 
    where
        ir1_0.requester_id=? 
    order by
        ir1_0.created_date desc
2026-02-18 11:33:15 [main] DEBUG org.hibernate.SQL - 
    select
        i1_0.request_id,
        i1_0.id,
        i1_0.is_available,
        i1_0.description,
        i1_0.name,
        i1_0.owner_id 
    from
        items i1_0 
    where
        i1_0.request_id=?
2026-02-18 11:33:15 [main] DEBUG org.hibernate.SQL - 
    insert 
    into
        users
        (email, name, id) 
    values
        (?, ?, default)
2026-02-18 11:33:15 [main] DEBUG org.hibernate.SQL - 
    insert 
    into
        users
        (email, name, id) 
    values
        (?, ?, default)
2026-02-18 11:33:15 [main] DEBUG org.hibernate.SQL - 
    insert 
    into
        requests
        (created_date, description, requester_id, id) 
    values
        (?, ?, ?, default)
2026-02-18 11:33:15 [main] DEBUG org.hibernate.SQL - 
    insert 
    into
        items
        (is_available, description, name, owner_id, request_id, id) 
    values
        (?, ?, ?, ?, ?, default)
2026-02-18 11:33:15 [main] DEBUG org.hibernate.SQL - 
    select
        ir1_0.id,
        ir1_0.created_date,
        ir1_0.description,
        ir1_0.requester_id 
    from
        requests ir1_0 
    where
        ir1_0.id=?
2026-02-18 11:33:15 [main] DEBUG org.hibernate.SQL - 
    select
        ir1_0.id,
        ir1_0.created_date,
        ir1_0.description,
        i1_0.request_id,
        i1_0.id,
        i1_0.is_available,
        i1_0.description,
        i1_0.name,
        i1_0.owner_id,
        ir1_0.requester_id 
    from
        requests ir1_0 
    left join
        items i1_0 
            on ir1_0.id=i1_0.request_id 
    where
        ir1_0.id=?
2026-02-18 11:33:15 [main] DEBUG org.hibernate.SQL - 
    insert 
    into
        users
        (email, name, id) 
    values
        (?, ?, default)
2026-02-18 11:33:15 [main] DEBUG org.hibernate.SQL - 
    insert 
    into
        requests
        (created_date, description, requester_id, id) 
    values
        (?, ?, ?, default)
2026-02-18 11:33:15 [main] DEBUG org.hibernate.SQL - 
    insert 
    into
        users
        (email, name, id) 
    values
        (?, ?, default)
2026-02-18 11:33:15 [main] DEBUG org.hibernate.SQL - 
    insert 
    into
        users
        (email, name, id) 
    values
        (?, ?, default)
2026-02-18 11:33:15 [main] DEBUG org.hibernate.SQL - 
    insert 
    into
        users
        (email, name, id) 
    values
        (?, ?, default)
2026-02-18 11:33:15 [main] DEBUG org.hibernate.SQL - 
    insert 
    into
        requests
        (created_date, description, requester_id, id) 
    values
        (?, ?, ?, default)
2026-02-18 11:33:15 [main] DEBUG org.hibernate.SQL - 
    insert 
    into
        requests
        (created_date, description, requester_id, id) 
    values
        (?, ?, ?, default)
2026-02-18 11:33:15 [main] DEBUG org.hibernate.SQL - 
    select
        ir1_0.id,
        ir1_0.created_date,
        ir1_0.description,
        ir1_0.requester_id 
    from
        requests ir1_0 
    where
        ir1_0.requester_id<>? 
    order by
        ir1_0.created_date desc,
        ir1_0.created_date desc 
    fetch
        first ? rows only
2026-02-18 11:33:15 [main] INFO  r.p.s.r.ItemRequestControllerTest - Starting ItemRequestControllerTest using Java 21.0.9 with PID 6559 (started by simon in /home/simon/dev/java-shareit/server)
2026-02-18 11:33:15 [main] DEBUG r.p.s.r.ItemRequestControllerTest - Running with Spring Boot v3.3.2, Spring v6.1.11
2026-02-18 11:33:15 [main] INFO  r.p.s.r.ItemRequestControllerTest - The following 1 profile is active: "test"
2026-02-18 11:33:15 [main] INFO  r.p.s.r.ItemRequestControllerTest - Started ItemRequestControllerTest in 0.441 seconds (process running for 12.313)
2026-02-18 11:33:15 [main] DEBUG org.hibernate.SQL - 
    insert 
    into
        users
        (email, name, id) 
    values
        (?, ?, default)
2026-02-18 11:33:15 [main] DEBUG org.hibernate.SQL - 
    insert 
    into
        users
        (email, name, id) 
    values
        (?, ?, default)
2026-02-18 11:33:15 [main] DEBUG org.hibernate.SQL - 
    insert 
    into
        items
        (is_available, description, name, owner_id, request_id, id) 
    values
        (?, ?, ?, ?, ?, default)
2026-02-18 11:33:15 [main] DEBUG org.hibernate.SQL - 
    insert 
    into
        bookings
        (booker_id, end_date, item_id, start_date, status, id) 
    values
        (?, ?, ?, ?, ?, default)
2026-02-18 11:33:15 [main] DEBUG org.hibernate.SQL - 
    insert 
    into
        bookings
        (booker_id, end_date, item_id, start_date, status, id) 
    values
        (?, ?, ?, ?, ?, default)
2026-02-18 11:33:15 [main] DEBUG org.hibernate.SQL - 
    select
        count(*) 
    from
        users u1_0 
    where
        u1_0.id=?
2026-02-18 11:33:15 [main] DEBUG org.hibernate.SQL - 
    select
        b1_0.id,
        b1_0.booker_id,
        b1_0.end_date,
        b1_0.item_id,
        b1_0.start_date,
        b1_0.status 
    from
        bookings b1_0 
    where
        b1_0.booker_id=? 
    order by
        b1_0.start_date desc 
    fetch
        first ? rows only
2026-02-18 11:33:15 [main] DEBUG org.hibernate.SQL - 
    select
        count(*) 
    from
        users u1_0 
    where
        u1_0.id=?
2026-02-18 11:33:15 [main] DEBUG org.hibernate.SQL - 
    select
        b1_0.id,
        b1_0.booker_id,
        b1_0.end_date,
        b1_0.item_id,
        b1_0.start_date,
        b1_0.status 
    from
        bookings b1_0 
    where
        b1_0.booker_id=? 
        and b1_0.end_date<? 
    order by
        b1_0.start_date desc 
    fetch
        first ? rows only
2026-02-18 11:33:15 [main] DEBUG org.hibernate.SQL - 
    insert 
    into
        users
        (email, name, id) 
    values
        (?, ?, default)
2026-02-18 11:33:15 [main] DEBUG org.hibernate.SQL - 
    insert 
    into
        users
        (email, name, id) 
    values
        (?, ?, default)
2026-02-18 11:33:15 [main] DEBUG org.hibernate.SQL - 
    insert 
    into
        items
        (is_available, description, name, owner_id, request_id, id) 
    values
        (?, ?, ?, ?, ?, default)
2026-02-18 11:33:15 [main] DEBUG org.hibernate.SQL - 
    insert 
    into
        bookings
        (booker_id, end_date, item_id, start_date, status, id) 
    values
        (?, ?, ?, ?, ?, default)
2026-02-18 11:33:15 [main] INFO  r.p.shareit.booking.BookingService - Бронирование с ID: 3 подтверждено
2026-02-18 11:33:15 [main] DEBUG org.hibernate.SQL - 
    insert 
    into
        users
        (email, name, id) 
    values
        (?, ?, default)
2026-02-18 11:33:15 [main] DEBUG org.hibernate.SQL - 
    insert 
    into
        users
        (email, name, id) 
    values
        (?, ?, default)
2026-02-18 11:33:15 [main] DEBUG org.hibernate.SQL - 
    insert 
    into
        items
        (is_available, description, name, owner_id, request_id, id) 
    values
        (?, ?, ?, ?, ?, default)
2026-02-18 11:33:15 [main] DEBUG org.hibernate.SQL - 
    select
        b1_0.id,
        b1_0.booker_id,
        b1_0.end_date,
        b1_0.item_id,
        b1_0.start_date,
        b1_0.status 
    from
        bookings b1_0 
    where
        b1_0.item_id=? 
        and b1_0.status='APPROVED' 
        and (
            (
                b1_0.start_date<? 
                and b1_0.end_date>?
            )
        )
2026-02-18 11:33:15 [main] DEBUG org.hibernate.SQL - 
    insert 
    into
        bookings
        (booker_id, end_date, item_id, start_date, status, id) 
    values
        (?, ?, ?, ?, ?, default)
2026-02-18 11:33:15 [main] INFO  r.p.shareit.booking.BookingService - Создано бронирование с ID: 4
2026-02-18 11:33:15 [main] DEBUG org.hibernate.SQL - 
    insert 
    into
        users
        (email, name, id) 
    values
        (?, ?, default)
2026-02-18 11:33:15 [main] DEBUG org.hibernate.SQL - 
    insert 
    into
        users
        (email, name, id) 
    values
        (?, ?, default)
2026-02-18 11:33:15 [main] DEBUG org.hibernate.SQL - 
    insert 
    into
        items
        (is_available, description, name, owner_id, request_id, id) 
    values
        (?, ?, ?, ?, ?, default)
2026-02-18 11:33:15 [main] DEBUG org.hibernate.SQL - 
    insert 
    into
        bookings
        (booker_id, end_date, item_id, start_date, status, id) 
    values
        (?, ?, ?, ?, ?, default)
2026-02-18 11:33:15 [main] DEBUG org.hibernate.SQL - 
    select
        count(*) 
    from
        users u1_0 
    where
        u1_0.id=?
2026-02-18 11:33:15 [main] DEBUG org.hibernate.SQL - 
    select
        b1_0.id,
        b1_0.booker_id,
        b1_0.end_date,
        b1_0.item_id,
        b1_0.start_date,
        b1_0.status 
    from
        bookings b1_0 
    left join
        items i1_0 
            on i1_0.id=b1_0.item_id 
    where
        i1_0.owner_id=? 
    order by
        b1_0.start_date desc 
    fetch
        first ? rows only
2026-02-18 11:33:15 [main] DEBUG org.hibernate.SQL - 
    insert 
    into
        users
        (email, name, id) 
    values
        (?, ?, default)
2026-02-18 11:33:15 [main] DEBUG org.hibernate.SQL - 
    insert 
    into
        users
        (email, name, id) 
    values
        (?, ?, default)
2026-02-18 11:33:15 [main] DEBUG org.hibernate.SQL - 
    insert 
    into
        items
        (is_available, description, name, owner_id, request_id, id) 
    values
        (?, ?, ?, ?, ?, default)
2026-02-18 11:33:15 [main] DEBUG org.hibernate.SQL - 
    insert 
    into
        bookings
        (booker_id, end_date, item_id, start_date, status, id) 
    values
        (?, ?, ?, ?, ?, default)
2026-02-18 11:33:15 [main] INFO  r.p.s.booking.BookingControllerTest - Starting BookingControllerTest using Java 21.0.9 with PID 6559 (started by simon in /home/simon/dev/java-shareit/server)
2026-02-18 11:33:15 [main] DEBUG r.p.s.booking.BookingControllerTest - Running with Spring Boot v3.3.2, Spring v6.1.11
2026-02-18 11:33:15 [main] INFO  r.p.s.booking.BookingControllerTest - The following 1 profile is active: "test"
2026-02-18 11:33:16 [main] INFO  r.p.s.booking.BookingControllerTest - Started BookingControllerTest in 0.319 seconds (process running for 12.868)
2026-02-18 11:33:16 [main] INFO  r.p.s.booking.BookingController - POST /bookings - создание бронирования пользователем ID: 1
2026-02-18 11:33:16 [main] INFO  r.p.s.booking.BookingController - GET /bookings?state=ALL - получение бронирований пользователя ID: 1 с состоянием ALL
2026-02-18 11:33:16 [main] INFO  r.p.s.booking.BookingController - PATCH /bookings/1?approved=true - подтверждение/отклонение бронирования пользователем ID: 1
2026-02-18 11:33:16 [main] INFO  r.p.s.booking.BookingController - GET /bookings/1 - получение бронирования по ID пользователем ID: 1
2026-02-18 11:33:16 [main] INFO  r.p.s.booking.BookingController - GET /bookings/owner?state=ALL - получение бронирований вещей владельца ID: 1 с состоянием ALL
2026-02-18 11:33:16 [main] INFO  r.p.shareit.item.ItemControllerTest - Starting ItemControllerTest using Java 21.0.9 with PID 6559 (started by simon in /home/simon/dev/java-shareit/server)
2026-02-18 11:33:16 [main] DEBUG r.p.shareit.item.ItemControllerTest - Running with Spring Boot v3.3.2, Spring v6.1.11
2026-02-18 11:33:16 [main] INFO  r.p.shareit.item.ItemControllerTest - The following 1 profile is active: "test"
2026-02-18 11:33:16 [main] INFO  r.p.shareit.item.ItemControllerTest - Started ItemControllerTest in 0.258 seconds (process running for 13.274)
2026-02-18 11:33:16 [main] INFO  r.p.shareit.item.ItemController - GET /items/1 - получение вещи
2026-02-18 11:33:16 [main] INFO  r.p.shareit.item.ItemController - POST /items/1/comment - добавление комментария пользователем ID: 1
2026-02-18 11:33:16 [main] INFO  r.p.shareit.item.ItemController - PATCH /items/1 - обновление вещи пользователем ID: 1
2026-02-18 11:33:16 [main] INFO  r.p.shareit.item.ItemController - GET /items/search?text=hammer - поиск вещей
2026-02-18 11:33:16 [main] INFO  r.p.shareit.item.ItemController - POST /items - создание вещи пользователем ID: 1
2026-02-18 11:33:16 [main] INFO  r.p.shareit.item.ItemController - GET /items - получение вещей пользователя ID: 1
2026-02-18 11:33:16 [main] DEBUG org.hibernate.SQL - 
    insert 
    into
        users
        (email, name, id) 
    values
        (?, ?, default)
2026-02-18 11:33:16 [main] DEBUG org.hibernate.SQL - 
    insert 
    into
        users
        (email, name, id) 
    values
        (?, ?, default)
2026-02-18 11:33:16 [main] DEBUG org.hibernate.SQL - 
    insert 
    into
        items
        (is_available, description, name, owner_id, request_id, id) 
    values
        (?, ?, ?, ?, ?, default)
2026-02-18 11:33:16 [main] DEBUG org.hibernate.SQL - 
    insert 
    into
        bookings
        (booker_id, end_date, item_id, start_date, status, id) 
    values
        (?, ?, ?, ?, ?, default)
2026-02-18 11:33:16 [main] DEBUG org.hibernate.SQL - 
    insert 
    into
        bookings
        (booker_id, end_date, item_id, start_date, status, id) 
    values
        (?, ?, ?, ?, ?, default)
2026-02-18 11:33:16 [main] DEBUG org.hibernate.SQL - 
    insert 
    into
        comments
        (author_id, created, item_id, text, id) 
    values
        (?, ?, ?, ?, default)
2026-02-18 11:33:16 [main] DEBUG org.hibernate.SQL - 
    select
        c1_0.id,
        c1_0.author_id,
        c1_0.created,
        c1_0.item_id,
        c1_0.text 
    from
        comments c1_0 
    where
        c1_0.item_id=? 
    order by
        c1_0.created desc
2026-02-18 11:33:16 [main] DEBUG org.hibernate.SQL - 
    insert 
    into
        users
        (email, name, id) 
    values
        (?, ?, default)
2026-02-18 11:33:16 [main] DEBUG org.hibernate.SQL - 
    insert 
    into
        users
        (email, name, id) 
    values
        (?, ?, default)
2026-02-18 11:33:16 [main] DEBUG org.hibernate.SQL - 
    insert 
    into
        items
        (is_available, description, name, owner_id, request_id, id) 
    values
        (?, ?, ?, ?, ?, default)
2026-02-18 11:33:16 [main] DEBUG org.hibernate.SQL - 
    insert 
    into
        bookings
        (booker_id, end_date, item_id, start_date, status, id) 
    values
        (?, ?, ?, ?, ?, default)
2026-02-18 11:33:16 [main] DEBUG org.hibernate.SQL - 
    select
        count(b1_0.id)>0 
    from
        bookings b1_0 
    where
        b1_0.booker_id=? 
        and b1_0.item_id=? 
        and b1_0.status='APPROVED' 
        and b1_0.end_date<?
2026-02-18 11:33:16 [main] DEBUG org.hibernate.SQL - 
    insert 
    into
        comments
        (author_id, created, item_id, text, id) 
    values
        (?, ?, ?, ?, default)
2026-02-18 11:33:16 [main] INFO  r.practicum.shareit.item.ItemService - Комментарий создан с ID: 2
2026-02-18 11:33:16 [main] DEBUG org.hibernate.SQL - 
    insert 
    into
        users
        (email, name, id) 
    values
        (?, ?, default)
2026-02-18 11:33:16 [main] DEBUG org.hibernate.SQL - 
    insert 
    into
        items
        (is_available, description, name, owner_id, request_id, id) 
    values
        (?, ?, ?, ?, ?, default)
2026-02-18 11:33:16 [main] DEBUG org.hibernate.SQL - 
    select
        i1_0.id,
        i1_0.is_available,
        i1_0.description,
        i1_0.name,
        i1_0.owner_id,
        i1_0.request_id 
    from
        items i1_0 
    where
        i1_0.is_available=true 
        and (
            lower(i1_0.name) like lower(('%'||?||'%')) escape '' 
            or lower(i1_0.description) like lower(('%'||?||'%')) escape ''
        )
2026-02-18 11:33:16 [main] DEBUG org.hibernate.SQL - 
    insert 
    into
        users
        (email, name, id) 
    values
        (?, ?, default)
2026-02-18 11:33:16 [main] DEBUG org.hibernate.SQL - 
    insert 
    into
        items
        (is_available, description, name, owner_id, request_id, id) 
    values
        (?, ?, ?, ?, ?, default)
2026-02-18 11:33:16 [main] INFO  r.practicum.shareit.item.ItemService - Обновлена вещь с ID: 11
2026-02-18 11:33:16 [main] DEBUG org.hibernate.SQL - 
    insert 
    into
        users
        (email, name, id) 
    values
        (?, ?, default)
2026-02-18 11:33:16 [main] DEBUG org.hibernate.SQL - 
    insert 
    into
        users
        (email, name, id) 
    values
        (?, ?, default)
2026-02-18 11:33:16 [main] DEBUG org.hibernate.SQL - 
    insert 
    into
        items
        (is_available, description, name, owner_id, request_id, id) 
    values
        (?, ?, ?, ?, ?, default)
2026-02-18 11:33:16 [main] DEBUG org.hibernate.SQL - 
    insert 
    into
        items
        (is_available, description, name, owner_id, request_id, id) 
    values
        (?, ?, ?, ?, ?, default)
2026-02-18 11:33:16 [main] DEBUG org.hibernate.SQL - 
    insert 
    into
        bookings
        (booker_id, end_date, item_id, start_date, status, id) 
    values
        (?, ?, ?, ?, ?, default)
2026-02-18 11:33:16 [main] DEBUG org.hibernate.SQL - 
    insert 
    into
        bookings
        (booker_id, end_date, item_id, start_date, status, id) 
    values
        (?, ?, ?, ?, ?, default)
2026-02-18 11:33:16 [main] DEBUG org.hibernate.SQL - 
    select
        i1_0.id,
        i1_0.is_available,
        i1_0.description,
        i1_0.name,
        i1_0.owner_id,
        i1_0.request_id 
    from
        items i1_0 
    where
        i1_0.owner_id=? 
    order by
        i1_0.id
2026-02-18 11:33:16 [main] DEBUG org.hibernate.SQL - 
    select
        c1_0.id,
        c1_0.author_id,
        c1_0.created,
        c1_0.item_id,
        c1_0.text 
    from
        comments c1_0 
    where
        c1_0.item_id=? 
    order by
        c1_0.created desc
2026-02-18 11:33:16 [main] DEBUG org.hibernate.SQL - 
    insert 
    into
        users
        (email, name, id) 
    values
        (?, ?, default)
2026-02-18 11:33:16 [main] DEBUG org.hibernate.SQL - 
    insert 
    into
        items
        (is_available, description, name, owner_id, request_id, id) 
    values
        (?, ?, ?, ?, ?, default)
2026-02-18 11:33:16 [main] INFO  r.practicum.shareit.item.ItemService - Создана вещь с ID: 14, владелец ID: 32
2026-02-18 11:33:16 [main] DEBUG org.hibernate.SQL - 
    insert 
    into
        users
        (email, name, id) 
    values
        (?, ?, default)
2026-02-18 11:33:16 [main] DEBUG org.hibernate.SQL - 
    insert 
    into
        users
        (email, name, id) 
    values
        (?, ?, default)
2026-02-18 11:33:16 [main] DEBUG org.hibernate.SQL - 
    insert 
    into
        items
        (is_available, description, name, owner_id, request_id, id) 
    values
        (?, ?, ?, ?, ?, default)
2026-02-18 11:33:16 [main] DEBUG org.hibernate.SQL - 
    select
        count(b1_0.id)>0 
    from
        bookings b1_0 
    where
        b1_0.booker_id=? 
        and b1_0.item_id=? 
        and b1_0.status='APPROVED' 
        and b1_0.end_date<?
2026-02-18 11:33:16 [SpringApplicationShutdownHook] DEBUG org.hibernate.SQL - 
    drop table if exists bookings cascade 
2026-02-18 11:33:16 [SpringApplicationShutdownHook] DEBUG org.hibernate.SQL - 
    drop table if exists comments cascade 
2026-02-18 11:33:16 [SpringApplicationShutdownHook] DEBUG org.hibernate.SQL - 
    drop table if exists items cascade 
2026-02-18 11:33:16 [SpringApplicationShutdownHook] DEBUG org.hibernate.SQL - 
    drop table if exists requests cascade 
2026-02-18 11:33:16 [SpringApplicationShutdownHook] DEBUG org.hibernate.SQL - 
    drop table if exists users cascade 
2026-02-18 11:49:26 [main] INFO  r.p.s.u.UserServiceIntegrationTest - Starting UserServiceIntegrationTest using Java 21.0.9 with PID 7511 (started by simon in /home/simon/dev/java-shareit/server)
2026-02-18 11:49:26 [main] DEBUG r.p.s.u.UserServiceIntegrationTest - Running with Spring Boot v3.3.2, Spring v6.1.11
2026-02-18 11:49:26 [main] INFO  r.p.s.u.UserServiceIntegrationTest - The following 1 profile is active: "test"
2026-02-18 11:49:28 [main] WARN  org.hibernate.orm.deprecation - HHH90000025: H2Dialect does not need to be specified explicitly using 'hibernate.dialect' (remove the property setting and it will be selected by default)
2026-02-18 11:49:29 [main] DEBUG org.hibernate.SQL - 
    drop table if exists bookings cascade 
2026-02-18 11:49:29 [main] DEBUG org.hibernate.SQL - 
    drop table if exists comments cascade 
2026-02-18 11:49:29 [main] DEBUG org.hibernate.SQL - 
    drop table if exists items cascade 
2026-02-18 11:49:29 [main] DEBUG org.hibernate.SQL - 
    drop table if exists requests cascade 
2026-02-18 11:49:29 [main] DEBUG org.hibernate.SQL - 
    drop table if exists users cascade 
2026-02-18 11:49:29 [main] DEBUG org.hibernate.SQL - 
    create table bookings (
        booker_id bigint not null,
        end_date timestamp(6) not null,
        id bigint generated by default as identity,
        item_id bigint not null,
        start_date timestamp(6) not null,
        status enum ('APPROVED','CANCELED','REJECTED','WAITING') not null,
        primary key (id)
    )
2026-02-18 11:49:29 [main] DEBUG org.hibernate.SQL - 
    create table comments (
        author_id bigint not null,
        created timestamp(6) not null,
        id bigint generated by default as identity,
        item_id bigint not null,
        text TEXT not null,
        primary key (id)
    )
2026-02-18 11:49:29 [main] DEBUG org.hibernate.SQL - 
    create table items (
        is_available boolean not null,
        id bigint generated by default as identity,
        owner_id bigint not null,
        request_id bigint,
        description varchar(1000) not null,
        name varchar(255) not null,
        primary key (id)
    )
2026-02-18 11:49:29 [main] DEBUG org.hibernate.SQL - 
    create table requests (
        created_date timestamp(6) not null,
        id bigint generated by default as identity,
        requester_id bigint not null,
        description varchar(255) not null,
        primary key (id)
    )
2026-02-18 11:49:29 [main] DEBUG org.hibernate.SQL - 
    create table users (
        id bigint generated by default as identity,
        email varchar(512) not null unique,
        name varchar(255) not null,
        primary key (id)
    )
2026-02-18 11:49:29 [main] DEBUG org.hibernate.SQL - 
    alter table if exists bookings 
       add constraint FKc9bnqnreuuvddcscmp59fowih 
       foreign key (booker_id) 
       references users
2026-02-18 11:49:29 [main] DEBUG org.hibernate.SQL - 
    alter table if exists bookings 
       add constraint FKbtv44e8p4a4pq8hfuakjbtfpc 
       foreign key (item_id) 
       references items
2026-02-18 11:49:29 [main] DEBUG org.hibernate.SQL - 
    alter table if exists comments 
       add constraint FKn2na60ukhs76ibtpt9burkm27 
       foreign key (author_id) 
       references users
2026-02-18 11:49:29 [main] DEBUG org.hibernate.SQL - 
    alter table if exists comments 
       add constraint FKkbkydvf8j8tfuego2iqxntwv2 
       foreign key (item_id) 
       references items
2026-02-18 11:49:29 [main] DEBUG org.hibernate.SQL - 
    alter table if exists items 
       add constraint FKe37yi0i6rmaqcqickvb1vty22 
       foreign key (owner_id) 
       references users
2026-02-18 11:49:29 [main] DEBUG org.hibernate.SQL - 
    alter table if exists items 
       add constraint FKt16u3oeb0g6y6t9mq43idponc 
       foreign key (request_id) 
       references requests
2026-02-18 11:49:29 [main] DEBUG org.hibernate.SQL - 
    alter table if exists requests 
       add constraint FKeoax2t4j9i61p9lmon3009tr4 
       foreign key (requester_id) 
       references users
2026-02-18 11:49:30 [main] WARN  o.s.b.a.o.j.JpaBaseConfiguration$JpaWebConfiguration - spring.jpa.open-in-view is enabled by default. Therefore, database queries may be performed during view rendering. Explicitly configure spring.jpa.open-in-view to disable this warning
2026-02-18 11:49:31 [main] INFO  r.p.s.u.UserServiceIntegrationTest - Started UserServiceIntegrationTest in 5.614 seconds (process running for 6.591)
2026-02-18 11:49:32 [main] DEBUG org.hibernate.SQL - 
    select
        u1_0.id 
    from
        users u1_0 
    where
        u1_0.email=? 
    fetch
        first ? rows only
2026-02-18 11:49:32 [main] DEBUG org.hibernate.SQL - 
    insert 
    into
        users
        (email, name, id) 
    values
        (?, ?, default)
2026-02-18 11:49:32 [main] INFO  r.practicum.shareit.user.UserService - Создан пользователь с ID: 1
2026-02-18 11:49:32 [main] DEBUG org.hibernate.SQL - 
    insert 
    into
        users
        (email, name, id) 
    values
        (?, ?, default)
2026-02-18 11:49:32 [main] DEBUG org.hibernate.SQL - 
    select
        count(*) 
    from
        users u1_0 
    where
        u1_0.id=?
2026-02-18 11:49:32 [main] INFO  r.practicum.shareit.user.UserService - Удален пользователь с ID: 2
2026-02-18 11:49:32 [main] DEBUG org.hibernate.SQL - 
    insert 
    into
        users
        (email, name, id) 
    values
        (?, ?, default)
2026-02-18 11:49:32 [main] DEBUG org.hibernate.SQL - 
    select
        u1_0.id,
        u1_0.email,
        u1_0.name 
    from
        users u1_0 
    where
        u1_0.id=?
2026-02-18 11:49:32 [main] DEBUG org.hibernate.SQL - 
    insert 
    into
        users
        (email, name, id) 
    values
        (?, ?, default)
2026-02-18 11:49:32 [main] DEBUG org.hibernate.SQL - 
    select
        u1_0.id 
    from
        users u1_0 
    where
        u1_0.email=? 
    fetch
        first ? rows only
2026-02-18 11:49:32 [main] INFO  r.practicum.shareit.user.UserService - Обновлен пользователь с ID: 4
2026-02-18 11:49:32 [main] DEBUG org.hibernate.SQL - 
    insert 
    into
        users
        (email, name, id) 
    values
        (?, ?, default)
2026-02-18 11:49:32 [main] DEBUG org.hibernate.SQL - 
    select
        u1_0.id 
    from
        users u1_0 
    where
        u1_0.email=? 
    fetch
        first ? rows only
2026-02-18 11:49:32 [main] INFO  r.p.shareit.user.UserControllerTest - Starting UserControllerTest using Java 21.0.9 with PID 7511 (started by simon in /home/simon/dev/java-shareit/server)
2026-02-18 11:49:32 [main] DEBUG r.p.shareit.user.UserControllerTest - Running with Spring Boot v3.3.2, Spring v6.1.11
2026-02-18 11:49:32 [main] INFO  r.p.shareit.user.UserControllerTest - The following 1 profile is active: "test"
2026-02-18 11:49:33 [main] INFO  r.p.shareit.user.UserControllerTest - Started UserControllerTest in 0.672 seconds (process running for 8.112)
2026-02-18 11:49:33 [main] INFO  r.p.shareit.user.UserController - GET /users/1 - получение пользователя
2026-02-18 11:49:33 [main] INFO  r.p.shareit.user.UserController - PATCH /users/1 - обновление пользователя: UserDto(id=null, name=NewName, email=new@example.com)
2026-02-18 11:49:33 [main] INFO  r.p.shareit.user.UserController - GET /users - получение всех пользователей
2026-02-18 11:49:33 [main] INFO  r.p.shareit.user.UserController - POST /users - создание пользователя: UserDto(id=null, name=John, email=john@example.com)
2026-02-18 11:49:33 [main] INFO  r.p.shareit.user.UserController - DELETE /users/1 - удаление пользователя
2026-02-18 11:49:33 [main] INFO  r.p.shareit.user.UserDtoJsonTest - Starting UserDtoJsonTest using Java 21.0.9 with PID 7511 (started by simon in /home/simon/dev/java-shareit/server)
2026-02-18 11:49:33 [main] DEBUG r.p.shareit.user.UserDtoJsonTest - Running with Spring Boot v3.3.2, Spring v6.1.11
2026-02-18 11:49:33 [main] INFO  r.p.shareit.user.UserDtoJsonTest - The following 1 profile is active: "test"
2026-02-18 11:49:33 [main] INFO  r.p.shareit.user.UserDtoJsonTest - Started UserDtoJsonTest in 0.189 seconds (process running for 8.607)
2026-02-18 11:49:33 [main] DEBUG org.hibernate.SQL - 
    insert 
    into
        users
        (email, name, id) 
    values
        (?, ?, default)
2026-02-18 11:49:33 [main] DEBUG org.hibernate.SQL - 
    insert 
    into
        users
        (email, name, id) 
    values
        (?, ?, default)
2026-02-18 11:49:33 [main] DEBUG org.hibernate.SQL - 
    insert 
    into
        requests
        (created_date, description, requester_id, id) 
    values
        (?, ?, ?, default)
2026-02-18 11:49:33 [main] DEBUG org.hibernate.SQL - 
    insert 
    into
        items
        (is_available, description, name, owner_id, request_id, id) 
    values
        (?, ?, ?, ?, ?, default)
2026-02-18 11:49:33 [main] DEBUG org.hibernate.SQL - 
    select
        ir1_0.id,
        ir1_0.created_date,
        ir1_0.description,
        ir1_0.requester_id 
    from
        requests ir1_0 
    where
        ir1_0.id=?
2026-02-18 11:49:33 [main] DEBUG org.hibernate.SQL - 
    select
        ir1_0.id,
        ir1_0.created_date,
        ir1_0.description,
        ir1_0.requester_id 
    from
        requests ir1_0 
    where
        ir1_0.requester_id=? 
    order by
        ir1_0.created_date desc
2026-02-18 11:49:33 [main] DEBUG org.hibernate.SQL - 
    select
        i1_0.request_id,
        i1_0.id,
        i1_0.is_available,
        i1_0.description,
        i1_0.name,
        i1_0.owner_id 
    from
        items i1_0 
    where
        i1_0.request_id=?
2026-02-18 11:49:33 [main] DEBUG org.hibernate.SQL - 
    insert 
    into
        users
        (email, name, id) 
    values
        (?, ?, default)
2026-02-18 11:49:33 [main] DEBUG org.hibernate.SQL - 
    insert 
    into
        users
        (email, name, id) 
    values
        (?, ?, default)
2026-02-18 11:49:33 [main] DEBUG org.hibernate.SQL - 
    insert 
    into
        requests
        (created_date, description, requester_id, id) 
    values
        (?, ?, ?, default)
2026-02-18 11:49:33 [main] DEBUG org.hibernate.SQL - 
    insert 
    into
        items
        (is_available, description, name, owner_id, request_id, id) 
    values
        (?, ?, ?, ?, ?, default)
2026-02-18 11:49:33 [main] DEBUG org.hibernate.SQL - 
    select
        ir1_0.id,
        ir1_0.created_date,
        ir1_0.description,
        ir1_0.requester_id 
    from
        requests ir1_0 
    where
        ir1_0.id=?
2026-02-18 11:49:33 [main] DEBUG org.hibernate.SQL - 
    select
        ir1_0.id,
        ir1_0.created_date,
        ir1_0.description,
        i1_0.request_id,
        i1_0.id,
        i1_0.is_available,
        i1_0.description,
        i1_0.name,
        i1_0.owner_id,
        ir1_0.requester_id 
    from
        requests ir1_0 
    left join
        items i1_0 
            on ir1_0.id=i1_0.request_id 
    where
        ir1_0.id=?
2026-02-18 11:49:33 [main] DEBUG org.hibernate.SQL - 
    insert 
    into
        users
        (email, name, id) 
    values
        (?, ?, default)
2026-02-18 11:49:33 [main] DEBUG org.hibernate.SQL - 
    insert 
    into
        requests
        (created_date, description, requester_id, id) 
    values
        (?, ?, ?, default)
2026-02-18 11:49:33 [main] DEBUG org.hibernate.SQL - 
    insert 
    into
        users
        (email, name, id) 
    values
        (?, ?, default)
2026-02-18 11:49:33 [main] DEBUG org.hibernate.SQL - 
    insert 
    into
        users
        (email, name, id) 
    values
        (?, ?, default)
2026-02-18 11:49:33 [main] DEBUG org.hibernate.SQL - 
    insert 
    into
        users
        (email, name, id) 
    values
        (?, ?, default)
2026-02-18 11:49:33 [main] DEBUG org.hibernate.SQL - 
    insert 
    into
        requests
        (created_date, description, requester_id, id) 
    values
        (?, ?, ?, default)
2026-02-18 11:49:33 [main] DEBUG org.hibernate.SQL - 
    insert 
    into
        requests
        (created_date, description, requester_id, id) 
    values
        (?, ?, ?, default)
2026-02-18 11:49:33 [main] DEBUG org.hibernate.SQL - 
    select
        ir1_0.id,
        ir1_0.created_date,
        ir1_0.description,
        ir1_0.requester_id 
    from
        requests ir1_0 
    where
        ir1_0.requester_id<>? 
    order by
        ir1_0.created_date desc,
        ir1_0.created_date desc 
    fetch
        first ? rows only
2026-02-18 11:49:33 [main] INFO  r.p.s.r.ItemRequestControllerTest - Starting ItemRequestControllerTest using Java 21.0.9 with PID 7511 (started by simon in /home/simon/dev/java-shareit/server)
2026-02-18 11:49:33 [main] DEBUG r.p.s.r.ItemRequestControllerTest - Running with Spring Boot v3.3.2, Spring v6.1.11
2026-02-18 11:49:33 [main] INFO  r.p.s.r.ItemRequestControllerTest - The following 1 profile is active: "test"
2026-02-18 11:49:34 [main] INFO  r.p.s.r.ItemRequestControllerTest - Started ItemRequestControllerTest in 0.404 seconds (process running for 9.3)
2026-02-18 11:49:34 [main] DEBUG org.hibernate.SQL - 
    insert 
    into
        users
        (email, name, id) 
    values
        (?, ?, default)
2026-02-18 11:49:34 [main] DEBUG org.hibernate.SQL - 
    insert 
    into
        users
        (email, name, id) 
    values
        (?, ?, default)
2026-02-18 11:49:34 [main] DEBUG org.hibernate.SQL - 
    insert 
    into
        items
        (is_available, description, name, owner_id, request_id, id) 
    values
        (?, ?, ?, ?, ?, default)
2026-02-18 11:49:34 [main] DEBUG org.hibernate.SQL - 
    insert 
    into
        bookings
        (booker_id, end_date, item_id, start_date, status, id) 
    values
        (?, ?, ?, ?, ?, default)
2026-02-18 11:49:34 [main] DEBUG org.hibernate.SQL - 
    insert 
    into
        bookings
        (booker_id, end_date, item_id, start_date, status, id) 
    values
        (?, ?, ?, ?, ?, default)
2026-02-18 11:49:34 [main] DEBUG org.hibernate.SQL - 
    select
        count(*) 
    from
        users u1_0 
    where
        u1_0.id=?
2026-02-18 11:49:34 [main] DEBUG org.hibernate.SQL - 
    select
        b1_0.id,
        b1_0.booker_id,
        b1_0.end_date,
        b1_0.item_id,
        b1_0.start_date,
        b1_0.status 
    from
        bookings b1_0 
    where
        b1_0.booker_id=? 
    order by
        b1_0.start_date desc 
    fetch
        first ? rows only
2026-02-18 11:49:34 [main] DEBUG org.hibernate.SQL - 
    select
        count(*) 
    from
        users u1_0 
    where
        u1_0.id=?
2026-02-18 11:49:34 [main] DEBUG org.hibernate.SQL - 
    select
        b1_0.id,
        b1_0.booker_id,
        b1_0.end_date,
        b1_0.item_id,
        b1_0.start_date,
        b1_0.status 
    from
        bookings b1_0 
    where
        b1_0.booker_id=? 
        and b1_0.end_date<? 
    order by
        b1_0.start_date desc 
    fetch
        first ? rows only
2026-02-18 11:49:34 [main] DEBUG org.hibernate.SQL - 
    insert 
    into
        users
        (email, name, id) 
    values
        (?, ?, default)
2026-02-18 11:49:34 [main] DEBUG org.hibernate.SQL - 
    insert 
    into
        users
        (email, name, id) 
    values
        (?, ?, default)
2026-02-18 11:49:34 [main] DEBUG org.hibernate.SQL - 
    insert 
    into
        items
        (is_available, description, name, owner_id, request_id, id) 
    values
        (?, ?, ?, ?, ?, default)
2026-02-18 11:49:34 [main] DEBUG org.hibernate.SQL - 
    insert 
    into
        bookings
        (booker_id, end_date, item_id, start_date, status, id) 
    values
        (?, ?, ?, ?, ?, default)
2026-02-18 11:49:34 [main] INFO  r.p.shareit.booking.BookingService - Бронирование с ID: 3 подтверждено
2026-02-18 11:49:34 [main] DEBUG org.hibernate.SQL - 
    insert 
    into
        users
        (email, name, id) 
    values
        (?, ?, default)
2026-02-18 11:49:34 [main] DEBUG org.hibernate.SQL - 
    insert 
    into
        users
        (email, name, id) 
    values
        (?, ?, default)
2026-02-18 11:49:34 [main] DEBUG org.hibernate.SQL - 
    insert 
    into
        items
        (is_available, description, name, owner_id, request_id, id) 
    values
        (?, ?, ?, ?, ?, default)
2026-02-18 11:49:34 [main] DEBUG org.hibernate.SQL - 
    select
        b1_0.id,
        b1_0.booker_id,
        b1_0.end_date,
        b1_0.item_id,
        b1_0.start_date,
        b1_0.status 
    from
        bookings b1_0 
    where
        b1_0.item_id=? 
        and b1_0.status='APPROVED' 
        and (
            (
                b1_0.start_date<? 
                and b1_0.end_date>?
            )
        )
2026-02-18 11:49:34 [main] DEBUG org.hibernate.SQL - 
    insert 
    into
        bookings
        (booker_id, end_date, item_id, start_date, status, id) 
    values
        (?, ?, ?, ?, ?, default)
2026-02-18 11:49:34 [main] INFO  r.p.shareit.booking.BookingService - Создано бронирование с ID: 4
2026-02-18 11:49:34 [main] DEBUG org.hibernate.SQL - 
    insert 
    into
        users
        (email, name, id) 
    values
        (?, ?, default)
2026-02-18 11:49:34 [main] DEBUG org.hibernate.SQL - 
    insert 
    into
        users
        (email, name, id) 
    values
        (?, ?, default)
2026-02-18 11:49:34 [main] DEBUG org.hibernate.SQL - 
    insert 
    into
        items
        (is_available, description, name, owner_id, request_id, id) 
    values
        (?, ?, ?, ?, ?, default)
2026-02-18 11:49:34 [main] DEBUG org.hibernate.SQL - 
    insert 
    into
        bookings
        (booker_id, end_date, item_id, start_date, status, id) 
    values
        (?, ?, ?, ?, ?, default)
2026-02-18 11:49:34 [main] DEBUG org.hibernate.SQL - 
    select
        count(*) 
    from
        users u1_0 
    where
        u1_0.id=?
2026-02-18 11:49:34 [main] DEBUG org.hibernate.SQL - 
    select
        b1_0.id,
        b1_0.booker_id,
        b1_0.end_date,
        b1_0.item_id,
        b1_0.start_date,
        b1_0.status 
    from
        bookings b1_0 
    left join
        items i1_0 
            on i1_0.id=b1_0.item_id 
    where
        i1_0.owner_id=? 
    order by
        b1_0.start_date desc 
    fetch
        first ? rows only
2026-02-18 11:49:34 [main] DEBUG org.hibernate.SQL - 
    insert 
    into
        users
        (email, name, id) 
    values
        (?, ?, default)
2026-02-18 11:49:34 [main] DEBUG org.hibernate.SQL - 
    insert 
    into
        users
        (email, name, id) 
    values
        (?, ?, default)
2026-02-18 11:49:34 [main] DEBUG org.hibernate.SQL - 
    insert 
    into
        items
        (is_available, description, name, owner_id, request_id, id) 
    values
        (?, ?, ?, ?, ?, default)
2026-02-18 11:49:34 [main] DEBUG org.hibernate.SQL - 
    insert 
    into
        bookings
        (booker_id, end_date, item_id, start_date, status, id) 
    values
        (?, ?, ?, ?, ?, default)
2026-02-18 11:49:34 [main] INFO  r.p.s.booking.BookingControllerTest - Starting BookingControllerTest using Java 21.0.9 with PID 7511 (started by simon in /home/simon/dev/java-shareit/server)
2026-02-18 11:49:34 [main] DEBUG r.p.s.booking.BookingControllerTest - Running with Spring Boot v3.3.2, Spring v6.1.11
2026-02-18 11:49:34 [main] INFO  r.p.s.booking.BookingControllerTest - The following 1 profile is active: "test"
2026-02-18 11:49:34 [main] INFO  r.p.s.booking.BookingControllerTest - Started BookingControllerTest in 0.28 seconds (process running for 9.843)
2026-02-18 11:49:34 [main] INFO  r.p.s.booking.BookingController - POST /bookings - создание бронирования пользователем ID: 1
2026-02-18 11:49:34 [main] INFO  r.p.s.booking.BookingController - GET /bookings?state=ALL - получение бронирований пользователя ID: 1 с состоянием ALL
2026-02-18 11:49:34 [main] INFO  r.p.s.booking.BookingController - PATCH /bookings/1?approved=true - подтверждение/отклонение бронирования пользователем ID: 1
2026-02-18 11:49:34 [main] INFO  r.p.s.booking.BookingController - GET /bookings/1 - получение бронирования по ID пользователем ID: 1
2026-02-18 11:49:34 [main] INFO  r.p.s.booking.BookingController - GET /bookings/owner?state=ALL - получение бронирований вещей владельца ID: 1 с состоянием ALL
2026-02-18 11:49:34 [main] INFO  r.p.shareit.item.ItemControllerTest - Starting ItemControllerTest using Java 21.0.9 with PID 7511 (started by simon in /home/simon/dev/java-shareit/server)
2026-02-18 11:49:34 [main] DEBUG r.p.shareit.item.ItemControllerTest - Running with Spring Boot v3.3.2, Spring v6.1.11
2026-02-18 11:49:34 [main] INFO  r.p.shareit.item.ItemControllerTest - The following 1 profile is active: "test"
2026-02-18 11:49:35 [main] INFO  r.p.shareit.item.ItemControllerTest - Started ItemControllerTest in 0.251 seconds (process running for 10.216)
2026-02-18 11:49:35 [main] INFO  r.p.shareit.item.ItemController - GET /items/1 - получение вещи
2026-02-18 11:49:35 [main] INFO  r.p.shareit.item.ItemController - POST /items/1/comment - добавление комментария пользователем ID: 1
2026-02-18 11:49:35 [main] INFO  r.p.shareit.item.ItemController - PATCH /items/1 - обновление вещи пользователем ID: 1
2026-02-18 11:49:35 [main] INFO  r.p.shareit.item.ItemController - GET /items/search?text=hammer - поиск вещей
2026-02-18 11:49:35 [main] INFO  r.p.shareit.item.ItemController - POST /items - создание вещи пользователем ID: 1
2026-02-18 11:49:35 [main] INFO  r.p.shareit.item.ItemController - GET /items - получение вещей пользователя ID: 1
2026-02-18 11:49:35 [main] DEBUG org.hibernate.SQL - 
    insert 
    into
        users
        (email, name, id) 
    values
        (?, ?, default)
2026-02-18 11:49:35 [main] DEBUG org.hibernate.SQL - 
    insert 
    into
        users
        (email, name, id) 
    values
        (?, ?, default)
2026-02-18 11:49:35 [main] DEBUG org.hibernate.SQL - 
    insert 
    into
        items
        (is_available, description, name, owner_id, request_id, id) 
    values
        (?, ?, ?, ?, ?, default)
2026-02-18 11:49:35 [main] DEBUG org.hibernate.SQL - 
    insert 
    into
        bookings
        (booker_id, end_date, item_id, start_date, status, id) 
    values
        (?, ?, ?, ?, ?, default)
2026-02-18 11:49:35 [main] DEBUG org.hibernate.SQL - 
    insert 
    into
        bookings
        (booker_id, end_date, item_id, start_date, status, id) 
    values
        (?, ?, ?, ?, ?, default)
2026-02-18 11:49:35 [main] DEBUG org.hibernate.SQL - 
    insert 
    into
        comments
        (author_id, created, item_id, text, id) 
    values
        (?, ?, ?, ?, default)
2026-02-18 11:49:35 [main] DEBUG org.hibernate.SQL - 
    select
        b1_0.end_date 
    from
        bookings b1_0 
    where
        b1_0.item_id=? 
        and b1_0.status='APPROVED' 
        and b1_0.end_date<? 
    order by
        b1_0.end_date desc 
    fetch
        first 1 rows only
2026-02-18 11:49:35 [main] DEBUG org.hibernate.SQL - 
    select
        b1_0.start_date 
    from
        bookings b1_0 
    where
        b1_0.item_id=? 
        and b1_0.status='APPROVED' 
        and b1_0.start_date>? 
    order by
        b1_0.start_date 
    fetch
        first 1 rows only
2026-02-18 11:49:35 [main] DEBUG org.hibernate.SQL - 
    select
        c1_0.id,
        c1_0.author_id,
        c1_0.created,
        c1_0.item_id,
        c1_0.text 
    from
        comments c1_0 
    where
        c1_0.item_id=? 
    order by
        c1_0.created desc
2026-02-18 11:49:35 [main] DEBUG org.hibernate.SQL - 
    insert 
    into
        users
        (email, name, id) 
    values
        (?, ?, default)
2026-02-18 11:49:35 [main] DEBUG org.hibernate.SQL - 
    insert 
    into
        users
        (email, name, id) 
    values
        (?, ?, default)
2026-02-18 11:49:35 [main] DEBUG org.hibernate.SQL - 
    insert 
    into
        items
        (is_available, description, name, owner_id, request_id, id) 
    values
        (?, ?, ?, ?, ?, default)
2026-02-18 11:49:35 [main] DEBUG org.hibernate.SQL - 
    insert 
    into
        bookings
        (booker_id, end_date, item_id, start_date, status, id) 
    values
        (?, ?, ?, ?, ?, default)
2026-02-18 11:49:35 [main] DEBUG org.hibernate.SQL - 
    select
        count(b1_0.id)>0 
    from
        bookings b1_0 
    where
        b1_0.booker_id=? 
        and b1_0.item_id=? 
        and b1_0.status='APPROVED' 
        and b1_0.end_date<?
2026-02-18 11:49:35 [main] DEBUG org.hibernate.SQL - 
    insert 
    into
        comments
        (author_id, created, item_id, text, id) 
    values
        (?, ?, ?, ?, default)
2026-02-18 11:49:35 [main] INFO  r.practicum.shareit.item.ItemService - Комментарий создан с ID: 2
2026-02-18 11:49:35 [main] DEBUG org.hibernate.SQL - 
    insert 
    into
        users
        (email, name, id) 
    values
        (?, ?, default)
2026-02-18 11:49:35 [main] DEBUG org.hibernate.SQL - 
    insert 
    into
        items
        (is_available, description, name, owner_id, request_id, id) 
    values
        (?, ?, ?, ?, ?, default)
2026-02-18 11:49:35 [main] DEBUG org.hibernate.SQL - 
    select
        i1_0.id,
        i1_0.is_available,
        i1_0.description,
        i1_0.name,
        i1_0.owner_id,
        i1_0.request_id 
    from
        items i1_0 
    where
        i1_0.is_available=true 
        and (
            lower(i1_0.name) like lower(('%'||?||'%')) escape '' 
            or lower(i1_0.description) like lower(('%'||?||'%')) escape ''
        )
2026-02-18 11:49:35 [main] DEBUG org.hibernate.SQL - 
    insert 
    into
        users
        (email, name, id) 
    values
        (?, ?, default)
2026-02-18 11:49:35 [main] DEBUG org.hibernate.SQL - 
    insert 
    into
        items
        (is_available, description, name, owner_id, request_id, id) 
    values
        (?, ?, ?, ?, ?, default)
2026-02-18 11:49:35 [main] INFO  r.practicum.shareit.item.ItemService - Обновлена вещь с ID: 11
2026-02-18 11:49:35 [main] DEBUG org.hibernate.SQL - 
    insert 
    into
        users
        (email, name, id) 
    values
        (?, ?, default)
2026-02-18 11:49:35 [main] DEBUG org.hibernate.SQL - 
    insert 
    into
        users
        (email, name, id) 
    values
        (?, ?, default)
2026-02-18 11:49:35 [main] DEBUG org.hibernate.SQL - 
    insert 
    into
        items
        (is_available, description, name, owner_id, request_id, id) 
    values
        (?, ?, ?, ?, ?, default)
2026-02-18 11:49:35 [main] DEBUG org.hibernate.SQL - 
    insert 
    into
        items
        (is_available, description, name, owner_id, request_id, id) 
    values
        (?, ?, ?, ?, ?, default)
2026-02-18 11:49:35 [main] DEBUG org.hibernate.SQL - 
    insert 
    into
        bookings
        (booker_id, end_date, item_id, start_date, status, id) 
    values
        (?, ?, ?, ?, ?, default)
2026-02-18 11:49:35 [main] DEBUG org.hibernate.SQL - 
    insert 
    into
        bookings
        (booker_id, end_date, item_id, start_date, status, id) 
    values
        (?, ?, ?, ?, ?, default)
2026-02-18 11:49:35 [main] DEBUG org.hibernate.SQL - 
    select
        i1_0.id,
        i1_0.is_available,
        i1_0.description,
        i1_0.name,
        i1_0.owner_id,
        i1_0.request_id 
    from
        items i1_0 
    where
        i1_0.owner_id=? 
    order by
        i1_0.id
2026-02-18 11:49:35 [main] DEBUG org.hibernate.SQL - 
    select
        b1_0.end_date 
    from
        bookings b1_0 
    where
        b1_0.item_id=? 
        and b1_0.status='APPROVED' 
        and b1_0.end_date<? 
    order by
        b1_0.end_date desc 
    fetch
        first 1 rows only
2026-02-18 11:49:35 [main] DEBUG org.hibernate.SQL - 
    select
        b1_0.start_date 
    from
        bookings b1_0 
    where
        b1_0.item_id=? 
        and b1_0.status='APPROVED' 
        and b1_0.start_date>? 
    order by
        b1_0.start_date 
    fetch
        first 1 rows only
2026-02-18 11:49:35 [main] DEBUG org.hibernate.SQL - 
    select
        c1_0.id,
        c1_0.author_id,
        c1_0.created,
        c1_0.item_id,
        c1_0.text 
    from
        comments c1_0 
    where
        c1_0.item_id=? 
    order by
        c1_0.created desc
2026-02-18 11:49:35 [main] DEBUG org.hibernate.SQL - 
    insert 
    into
        users
        (email, name, id) 
    values
        (?, ?, default)
2026-02-18 11:49:35 [main] DEBUG org.hibernate.SQL - 
    insert 
    into
        items
        (is_available, description, name, owner_id, request_id, id) 
    values
        (?, ?, ?, ?, ?, default)
2026-02-18 11:49:35 [main] INFO  r.practicum.shareit.item.ItemService - Создана вещь с ID: 14, владелец ID: 32
2026-02-18 11:49:35 [main] DEBUG org.hibernate.SQL - 
    insert 
    into
        users
        (email, name, id) 
    values
        (?, ?, default)
2026-02-18 11:49:35 [main] DEBUG org.hibernate.SQL - 
    insert 
    into
        users
        (email, name, id) 
    values
        (?, ?, default)
2026-02-18 11:49:35 [main] DEBUG org.hibernate.SQL - 
    insert 
    into
        items
        (is_available, description, name, owner_id, request_id, id) 
    values
        (?, ?, ?, ?, ?, default)
2026-02-18 11:49:35 [main] DEBUG org.hibernate.SQL - 
    select
        count(b1_0.id)>0 
    from
        bookings b1_0 
    where
        b1_0.booker_id=? 
        and b1_0.item_id=? 
        and b1_0.status='APPROVED' 
        and b1_0.end_date<?
2026-02-18 11:49:35 [SpringApplicationShutdownHook] DEBUG org.hibernate.SQL - 
    drop table if exists bookings cascade 
2026-02-18 11:49:35 [SpringApplicationShutdownHook] DEBUG org.hibernate.SQL - 
    drop table if exists comments cascade 
2026-02-18 11:49:35 [SpringApplicationShutdownHook] DEBUG org.hibernate.SQL - 
    drop table if exists items cascade 
2026-02-18 11:49:35 [SpringApplicationShutdownHook] DEBUG org.hibernate.SQL - 
    drop table if exists requests cascade 
2026-02-18 11:49:35 [SpringApplicationShutdownHook] DEBUG org.hibernate.SQL - 
    drop table if exists users cascade 
2026-02-18 11:54:34 [main] INFO  r.p.s.u.UserServiceIntegrationTest - Starting UserServiceIntegrationTest using Java 21.0.9 with PID 7902 (started by simon in /home/simon/dev/java-shareit/server)
2026-02-18 11:54:34 [main] DEBUG r.p.s.u.UserServiceIntegrationTest - Running with Spring Boot v3.3.2, Spring v6.1.11
2026-02-18 11:54:34 [main] INFO  r.p.s.u.UserServiceIntegrationTest - The following 1 profile is active: "test"
2026-02-18 11:54:36 [main] WARN  org.hibernate.orm.deprecation - HHH90000025: H2Dialect does not need to be specified explicitly using 'hibernate.dialect' (remove the property setting and it will be selected by default)
2026-02-18 11:54:37 [main] DEBUG org.hibernate.SQL - 
    drop table if exists bookings cascade 
2026-02-18 11:54:37 [main] DEBUG org.hibernate.SQL - 
    drop table if exists comments cascade 
2026-02-18 11:54:37 [main] DEBUG org.hibernate.SQL - 
    drop table if exists items cascade 
2026-02-18 11:54:37 [main] DEBUG org.hibernate.SQL - 
    drop table if exists requests cascade 
2026-02-18 11:54:37 [main] DEBUG org.hibernate.SQL - 
    drop table if exists users cascade 
2026-02-18 11:54:37 [main] DEBUG org.hibernate.SQL - 
    create table bookings (
        booker_id bigint not null,
        end_date timestamp(6) not null,
        id bigint generated by default as identity,
        item_id bigint not null,
        start_date timestamp(6) not null,
        status enum ('APPROVED','CANCELED','REJECTED','WAITING') not null,
        primary key (id)
    )
2026-02-18 11:54:37 [main] DEBUG org.hibernate.SQL - 
    create table comments (
        author_id bigint not null,
        created timestamp(6) not null,
        id bigint generated by default as identity,
        item_id bigint not null,
        text TEXT not null,
        primary key (id)
    )
2026-02-18 11:54:37 [main] DEBUG org.hibernate.SQL - 
    create table items (
        is_available boolean not null,
        id bigint generated by default as identity,
        owner_id bigint not null,
        request_id bigint,
        description varchar(1000) not null,
        name varchar(255) not null,
        primary key (id)
    )
2026-02-18 11:54:37 [main] DEBUG org.hibernate.SQL - 
    create table requests (
        created_date timestamp(6) not null,
        id bigint generated by default as identity,
        requester_id bigint not null,
        description varchar(255) not null,
        primary key (id)
    )
2026-02-18 11:54:37 [main] DEBUG org.hibernate.SQL - 
    create table users (
        id bigint generated by default as identity,
        email varchar(512) not null unique,
        name varchar(255) not null,
        primary key (id)
    )
2026-02-18 11:54:37 [main] DEBUG org.hibernate.SQL - 
    alter table if exists bookings 
       add constraint FKc9bnqnreuuvddcscmp59fowih 
       foreign key (booker_id) 
       references users
2026-02-18 11:54:37 [main] DEBUG org.hibernate.SQL - 
    alter table if exists bookings 
       add constraint FKbtv44e8p4a4pq8hfuakjbtfpc 
       foreign key (item_id) 
       references items
2026-02-18 11:54:37 [main] DEBUG org.hibernate.SQL - 
    alter table if exists comments 
       add constraint FKn2na60ukhs76ibtpt9burkm27 
       foreign key (author_id) 
       references users
2026-02-18 11:54:37 [main] DEBUG org.hibernate.SQL - 
    alter table if exists comments 
       add constraint FKkbkydvf8j8tfuego2iqxntwv2 
       foreign key (item_id) 
       references items
2026-02-18 11:54:37 [main] DEBUG org.hibernate.SQL - 
    alter table if exists items 
       add constraint FKe37yi0i6rmaqcqickvb1vty22 
       foreign key (owner_id) 
       references users
2026-02-18 11:54:37 [main] DEBUG org.hibernate.SQL - 
    alter table if exists items 
       add constraint FKt16u3oeb0g6y6t9mq43idponc 
       foreign key (request_id) 
       references requests
2026-02-18 11:54:37 [main] DEBUG org.hibernate.SQL - 
    alter table if exists requests 
       add constraint FKeoax2t4j9i61p9lmon3009tr4 
       foreign key (requester_id) 
       references users
2026-02-18 11:54:38 [main] WARN  o.s.b.a.o.j.JpaBaseConfiguration$JpaWebConfiguration - spring.jpa.open-in-view is enabled by default. Therefore, database queries may be performed during view rendering. Explicitly configure spring.jpa.open-in-view to disable this warning
2026-02-18 11:54:39 [main] INFO  r.p.s.u.UserServiceIntegrationTest - Started UserServiceIntegrationTest in 5.756 seconds (process running for 6.854)
2026-02-18 11:54:40 [main] DEBUG org.hibernate.SQL - 
    select
        u1_0.id 
    from
        users u1_0 
    where
        u1_0.email=? 
    fetch
        first ? rows only
2026-02-18 11:54:40 [main] DEBUG org.hibernate.SQL - 
    insert 
    into
        users
        (email, name, id) 
    values
        (?, ?, default)
2026-02-18 11:54:40 [main] INFO  r.practicum.shareit.user.UserService - Создан пользователь с ID: 1
2026-02-18 11:54:40 [main] DEBUG org.hibernate.SQL - 
    insert 
    into
        users
        (email, name, id) 
    values
        (?, ?, default)
2026-02-18 11:54:40 [main] DEBUG org.hibernate.SQL - 
    select
        count(*) 
    from
        users u1_0 
    where
        u1_0.id=?
2026-02-18 11:54:40 [main] INFO  r.practicum.shareit.user.UserService - Удален пользователь с ID: 2
2026-02-18 11:54:40 [main] DEBUG org.hibernate.SQL - 
    insert 
    into
        users
        (email, name, id) 
    values
        (?, ?, default)
2026-02-18 11:54:40 [main] DEBUG org.hibernate.SQL - 
    select
        u1_0.id,
        u1_0.email,
        u1_0.name 
    from
        users u1_0 
    where
        u1_0.id=?
2026-02-18 11:54:40 [main] DEBUG org.hibernate.SQL - 
    insert 
    into
        users
        (email, name, id) 
    values
        (?, ?, default)
2026-02-18 11:54:40 [main] DEBUG org.hibernate.SQL - 
    select
        u1_0.id 
    from
        users u1_0 
    where
        u1_0.email=? 
    fetch
        first ? rows only
2026-02-18 11:54:40 [main] INFO  r.practicum.shareit.user.UserService - Обновлен пользователь с ID: 4
2026-02-18 11:54:40 [main] DEBUG org.hibernate.SQL - 
    insert 
    into
        users
        (email, name, id) 
    values
        (?, ?, default)
2026-02-18 11:54:40 [main] DEBUG org.hibernate.SQL - 
    select
        u1_0.id 
    from
        users u1_0 
    where
        u1_0.email=? 
    fetch
        first ? rows only
2026-02-18 11:54:40 [main] INFO  r.p.shareit.user.UserControllerTest - Starting UserControllerTest using Java 21.0.9 with PID 7902 (started by simon in /home/simon/dev/java-shareit/server)
2026-02-18 11:54:40 [main] DEBUG r.p.shareit.user.UserControllerTest - Running with Spring Boot v3.3.2, Spring v6.1.11
2026-02-18 11:54:40 [main] INFO  r.p.shareit.user.UserControllerTest - The following 1 profile is active: "test"
2026-02-18 11:54:40 [main] INFO  r.p.shareit.user.UserControllerTest - Started UserControllerTest in 0.559 seconds (process running for 8.323)
2026-02-18 11:54:41 [main] INFO  r.p.shareit.user.UserController - GET /users/1 - получение пользователя
2026-02-18 11:54:41 [main] INFO  r.p.shareit.user.UserController - PATCH /users/1 - обновление пользователя: UserDto(id=null, name=NewName, email=new@example.com)
2026-02-18 11:54:41 [main] INFO  r.p.shareit.user.UserController - GET /users - получение всех пользователей
2026-02-18 11:54:41 [main] INFO  r.p.shareit.user.UserController - POST /users - создание пользователя: UserDto(id=null, name=John, email=john@example.com)
2026-02-18 11:54:41 [main] INFO  r.p.shareit.user.UserController - DELETE /users/1 - удаление пользователя
2026-02-18 11:54:41 [main] INFO  r.p.shareit.user.UserDtoJsonTest - Starting UserDtoJsonTest using Java 21.0.9 with PID 7902 (started by simon in /home/simon/dev/java-shareit/server)
2026-02-18 11:54:41 [main] DEBUG r.p.shareit.user.UserDtoJsonTest - Running with Spring Boot v3.3.2, Spring v6.1.11
2026-02-18 11:54:41 [main] INFO  r.p.shareit.user.UserDtoJsonTest - The following 1 profile is active: "test"
2026-02-18 11:54:41 [main] INFO  r.p.shareit.user.UserDtoJsonTest - Started UserDtoJsonTest in 0.217 seconds (process running for 8.897)
2026-02-18 11:54:41 [main] DEBUG org.hibernate.SQL - 
    insert 
    into
        users
        (email, name, id) 
    values
        (?, ?, default)
2026-02-18 11:54:41 [main] DEBUG org.hibernate.SQL - 
    insert 
    into
        users
        (email, name, id) 
    values
        (?, ?, default)
2026-02-18 11:54:41 [main] DEBUG org.hibernate.SQL - 
    insert 
    into
        requests
        (created_date, description, requester_id, id) 
    values
        (?, ?, ?, default)
2026-02-18 11:54:41 [main] DEBUG org.hibernate.SQL - 
    insert 
    into
        items
        (is_available, description, name, owner_id, request_id, id) 
    values
        (?, ?, ?, ?, ?, default)
2026-02-18 11:54:41 [main] DEBUG org.hibernate.SQL - 
    select
        ir1_0.id,
        ir1_0.created_date,
        ir1_0.description,
        ir1_0.requester_id 
    from
        requests ir1_0 
    where
        ir1_0.id=?
2026-02-18 11:54:41 [main] DEBUG org.hibernate.SQL - 
    select
        ir1_0.id,
        ir1_0.created_date,
        ir1_0.description,
        ir1_0.requester_id 
    from
        requests ir1_0 
    where
        ir1_0.requester_id=? 
    order by
        ir1_0.created_date desc
2026-02-18 11:54:41 [main] DEBUG org.hibernate.SQL - 
    select
        i1_0.request_id,
        i1_0.id,
        i1_0.is_available,
        i1_0.description,
        i1_0.name,
        i1_0.owner_id 
    from
        items i1_0 
    where
        i1_0.request_id=?
2026-02-18 11:54:41 [main] DEBUG org.hibernate.SQL - 
    insert 
    into
        users
        (email, name, id) 
    values
        (?, ?, default)
2026-02-18 11:54:41 [main] DEBUG org.hibernate.SQL - 
    insert 
    into
        users
        (email, name, id) 
    values
        (?, ?, default)
2026-02-18 11:54:41 [main] DEBUG org.hibernate.SQL - 
    insert 
    into
        requests
        (created_date, description, requester_id, id) 
    values
        (?, ?, ?, default)
2026-02-18 11:54:41 [main] DEBUG org.hibernate.SQL - 
    insert 
    into
        items
        (is_available, description, name, owner_id, request_id, id) 
    values
        (?, ?, ?, ?, ?, default)
2026-02-18 11:54:41 [main] DEBUG org.hibernate.SQL - 
    select
        ir1_0.id,
        ir1_0.created_date,
        ir1_0.description,
        ir1_0.requester_id 
    from
        requests ir1_0 
    where
        ir1_0.id=?
2026-02-18 11:54:41 [main] DEBUG org.hibernate.SQL - 
    select
        ir1_0.id,
        ir1_0.created_date,
        ir1_0.description,
        i1_0.request_id,
        i1_0.id,
        i1_0.is_available,
        i1_0.description,
        i1_0.name,
        i1_0.owner_id,
        ir1_0.requester_id 
    from
        requests ir1_0 
    left join
        items i1_0 
            on ir1_0.id=i1_0.request_id 
    where
        ir1_0.id=?
2026-02-18 11:54:41 [main] DEBUG org.hibernate.SQL - 
    insert 
    into
        users
        (email, name, id) 
    values
        (?, ?, default)
2026-02-18 11:54:41 [main] DEBUG org.hibernate.SQL - 
    insert 
    into
        requests
        (created_date, description, requester_id, id) 
    values
        (?, ?, ?, default)
2026-02-18 11:54:41 [main] DEBUG org.hibernate.SQL - 
    insert 
    into
        users
        (email, name, id) 
    values
        (?, ?, default)
2026-02-18 11:54:41 [main] DEBUG org.hibernate.SQL - 
    insert 
    into
        users
        (email, name, id) 
    values
        (?, ?, default)
2026-02-18 11:54:41 [main] DEBUG org.hibernate.SQL - 
    insert 
    into
        users
        (email, name, id) 
    values
        (?, ?, default)
2026-02-18 11:54:41 [main] DEBUG org.hibernate.SQL - 
    insert 
    into
        requests
        (created_date, description, requester_id, id) 
    values
        (?, ?, ?, default)
2026-02-18 11:54:41 [main] DEBUG org.hibernate.SQL - 
    insert 
    into
        requests
        (created_date, description, requester_id, id) 
    values
        (?, ?, ?, default)
2026-02-18 11:54:41 [main] DEBUG org.hibernate.SQL - 
    select
        ir1_0.id,
        ir1_0.created_date,
        ir1_0.description,
        ir1_0.requester_id 
    from
        requests ir1_0 
    where
        ir1_0.requester_id<>? 
    order by
        ir1_0.created_date desc,
        ir1_0.created_date desc 
    fetch
        first ? rows only
2026-02-18 11:54:41 [main] INFO  r.p.s.r.ItemRequestControllerTest - Starting ItemRequestControllerTest using Java 21.0.9 with PID 7902 (started by simon in /home/simon/dev/java-shareit/server)
2026-02-18 11:54:41 [main] DEBUG r.p.s.r.ItemRequestControllerTest - Running with Spring Boot v3.3.2, Spring v6.1.11
2026-02-18 11:54:41 [main] INFO  r.p.s.r.ItemRequestControllerTest - The following 1 profile is active: "test"
2026-02-18 11:54:42 [main] INFO  r.p.s.r.ItemRequestControllerTest - Started ItemRequestControllerTest in 0.42 seconds (process running for 9.568)
2026-02-18 11:54:42 [main] DEBUG org.hibernate.SQL - 
    insert 
    into
        users
        (email, name, id) 
    values
        (?, ?, default)
2026-02-18 11:54:42 [main] DEBUG org.hibernate.SQL - 
    insert 
    into
        users
        (email, name, id) 
    values
        (?, ?, default)
2026-02-18 11:54:42 [main] DEBUG org.hibernate.SQL - 
    insert 
    into
        items
        (is_available, description, name, owner_id, request_id, id) 
    values
        (?, ?, ?, ?, ?, default)
2026-02-18 11:54:42 [main] DEBUG org.hibernate.SQL - 
    insert 
    into
        bookings
        (booker_id, end_date, item_id, start_date, status, id) 
    values
        (?, ?, ?, ?, ?, default)
2026-02-18 11:54:42 [main] DEBUG org.hibernate.SQL - 
    insert 
    into
        bookings
        (booker_id, end_date, item_id, start_date, status, id) 
    values
        (?, ?, ?, ?, ?, default)
2026-02-18 11:54:42 [main] DEBUG org.hibernate.SQL - 
    select
        count(*) 
    from
        users u1_0 
    where
        u1_0.id=?
2026-02-18 11:54:42 [main] DEBUG org.hibernate.SQL - 
    select
        b1_0.id,
        b1_0.booker_id,
        b1_0.end_date,
        b1_0.item_id,
        b1_0.start_date,
        b1_0.status 
    from
        bookings b1_0 
    where
        b1_0.booker_id=? 
    order by
        b1_0.start_date desc 
    fetch
        first ? rows only
2026-02-18 11:54:42 [main] DEBUG org.hibernate.SQL - 
    select
        count(*) 
    from
        users u1_0 
    where
        u1_0.id=?
2026-02-18 11:54:42 [main] DEBUG org.hibernate.SQL - 
    select
        b1_0.id,
        b1_0.booker_id,
        b1_0.end_date,
        b1_0.item_id,
        b1_0.start_date,
        b1_0.status 
    from
        bookings b1_0 
    where
        b1_0.booker_id=? 
        and b1_0.end_date<? 
    order by
        b1_0.start_date desc 
    fetch
        first ? rows only
2026-02-18 11:54:42 [main] DEBUG org.hibernate.SQL - 
    insert 
    into
        users
        (email, name, id) 
    values
        (?, ?, default)
2026-02-18 11:54:42 [main] DEBUG org.hibernate.SQL - 
    insert 
    into
        users
        (email, name, id) 
    values
        (?, ?, default)
2026-02-18 11:54:42 [main] DEBUG org.hibernate.SQL - 
    insert 
    into
        items
        (is_available, description, name, owner_id, request_id, id) 
    values
        (?, ?, ?, ?, ?, default)
2026-02-18 11:54:42 [main] DEBUG org.hibernate.SQL - 
    insert 
    into
        bookings
        (booker_id, end_date, item_id, start_date, status, id) 
    values
        (?, ?, ?, ?, ?, default)
2026-02-18 11:54:42 [main] INFO  r.p.shareit.booking.BookingService - Бронирование с ID: 3 подтверждено
2026-02-18 11:54:42 [main] DEBUG org.hibernate.SQL - 
    insert 
    into
        users
        (email, name, id) 
    values
        (?, ?, default)
2026-02-18 11:54:42 [main] DEBUG org.hibernate.SQL - 
    insert 
    into
        users
        (email, name, id) 
    values
        (?, ?, default)
2026-02-18 11:54:42 [main] DEBUG org.hibernate.SQL - 
    insert 
    into
        items
        (is_available, description, name, owner_id, request_id, id) 
    values
        (?, ?, ?, ?, ?, default)
2026-02-18 11:54:42 [main] DEBUG org.hibernate.SQL - 
    select
        b1_0.id,
        b1_0.booker_id,
        b1_0.end_date,
        b1_0.item_id,
        b1_0.start_date,
        b1_0.status 
    from
        bookings b1_0 
    where
        b1_0.item_id=? 
        and b1_0.status='APPROVED' 
        and (
            (
                b1_0.start_date<? 
                and b1_0.end_date>?
            )
        )
2026-02-18 11:54:42 [main] DEBUG org.hibernate.SQL - 
    insert 
    into
        bookings
        (booker_id, end_date, item_id, start_date, status, id) 
    values
        (?, ?, ?, ?, ?, default)
2026-02-18 11:54:42 [main] INFO  r.p.shareit.booking.BookingService - Создано бронирование с ID: 4
2026-02-18 11:54:42 [main] DEBUG org.hibernate.SQL - 
    insert 
    into
        users
        (email, name, id) 
    values
        (?, ?, default)
2026-02-18 11:54:42 [main] DEBUG org.hibernate.SQL - 
    insert 
    into
        users
        (email, name, id) 
    values
        (?, ?, default)
2026-02-18 11:54:42 [main] DEBUG org.hibernate.SQL - 
    insert 
    into
        items
        (is_available, description, name, owner_id, request_id, id) 
    values
        (?, ?, ?, ?, ?, default)
2026-02-18 11:54:42 [main] DEBUG org.hibernate.SQL - 
    insert 
    into
        bookings
        (booker_id, end_date, item_id, start_date, status, id) 
    values
        (?, ?, ?, ?, ?, default)
2026-02-18 11:54:42 [main] DEBUG org.hibernate.SQL - 
    select
        count(*) 
    from
        users u1_0 
    where
        u1_0.id=?
2026-02-18 11:54:42 [main] DEBUG org.hibernate.SQL - 
    select
        b1_0.id,
        b1_0.booker_id,
        b1_0.end_date,
        b1_0.item_id,
        b1_0.start_date,
        b1_0.status 
    from
        bookings b1_0 
    left join
        items i1_0 
            on i1_0.id=b1_0.item_id 
    where
        i1_0.owner_id=? 
    order by
        b1_0.start_date desc 
    fetch
        first ? rows only
2026-02-18 11:54:42 [main] DEBUG org.hibernate.SQL - 
    insert 
    into
        users
        (email, name, id) 
    values
        (?, ?, default)
2026-02-18 11:54:42 [main] DEBUG org.hibernate.SQL - 
    insert 
    into
        users
        (email, name, id) 
    values
        (?, ?, default)
2026-02-18 11:54:42 [main] DEBUG org.hibernate.SQL - 
    insert 
    into
        items
        (is_available, description, name, owner_id, request_id, id) 
    values
        (?, ?, ?, ?, ?, default)
2026-02-18 11:54:42 [main] DEBUG org.hibernate.SQL - 
    insert 
    into
        bookings
        (booker_id, end_date, item_id, start_date, status, id) 
    values
        (?, ?, ?, ?, ?, default)
2026-02-18 11:54:42 [main] INFO  r.p.s.booking.BookingControllerTest - Starting BookingControllerTest using Java 21.0.9 with PID 7902 (started by simon in /home/simon/dev/java-shareit/server)
2026-02-18 11:54:42 [main] DEBUG r.p.s.booking.BookingControllerTest - Running with Spring Boot v3.3.2, Spring v6.1.11
2026-02-18 11:54:42 [main] INFO  r.p.s.booking.BookingControllerTest - The following 1 profile is active: "test"
2026-02-18 11:54:42 [main] INFO  r.p.s.booking.BookingControllerTest - Started BookingControllerTest in 0.307 seconds (process running for 10.209)
2026-02-18 11:54:42 [main] INFO  r.p.s.booking.BookingController - POST /bookings - создание бронирования пользователем ID: 1
2026-02-18 11:54:42 [main] INFO  r.p.s.booking.BookingController - GET /bookings?state=ALL - получение бронирований пользователя ID: 1 с состоянием ALL
2026-02-18 11:54:42 [main] INFO  r.p.s.booking.BookingController - PATCH /bookings/1?approved=true - подтверждение/отклонение бронирования пользователем ID: 1
2026-02-18 11:54:42 [main] INFO  r.p.s.booking.BookingController - GET /bookings/1 - получение бронирования по ID пользователем ID: 1
2026-02-18 11:54:42 [main] INFO  r.p.s.booking.BookingController - GET /bookings/owner?state=ALL - получение бронирований вещей владельца ID: 1 с состоянием ALL
2026-02-18 11:54:43 [main] INFO  r.p.shareit.item.ItemControllerTest - Starting ItemControllerTest using Java 21.0.9 with PID 7902 (started by simon in /home/simon/dev/java-shareit/server)
2026-02-18 11:54:43 [main] DEBUG r.p.shareit.item.ItemControllerTest - Running with Spring Boot v3.3.2, Spring v6.1.11
2026-02-18 11:54:43 [main] INFO  r.p.shareit.item.ItemControllerTest - The following 1 profile is active: "test"
2026-02-18 11:54:43 [main] INFO  r.p.shareit.item.ItemControllerTest - Started ItemControllerTest in 0.24 seconds (process running for 10.616)
2026-02-18 11:54:43 [main] INFO  r.p.shareit.item.ItemController - GET /items/1 - получение вещи
2026-02-18 11:54:43 [main] INFO  r.p.shareit.item.ItemController - POST /items/1/comment - добавление комментария пользователем ID: 1
2026-02-18 11:54:43 [main] INFO  r.p.shareit.item.ItemController - PATCH /items/1 - обновление вещи пользователем ID: 1
2026-02-18 11:54:43 [main] INFO  r.p.shareit.item.ItemController - GET /items/search?text=hammer - поиск вещей
2026-02-18 11:54:43 [main] INFO  r.p.shareit.item.ItemController - POST /items - создание вещи пользователем ID: 1
2026-02-18 11:54:43 [main] INFO  r.p.shareit.item.ItemController - GET /items - получение вещей пользователя ID: 1
2026-02-18 11:54:43 [main] DEBUG org.hibernate.SQL - 
    insert 
    into
        users
        (email, name, id) 
    values
        (?, ?, default)
2026-02-18 11:54:43 [main] DEBUG org.hibernate.SQL - 
    insert 
    into
        users
        (email, name, id) 
    values
        (?, ?, default)
2026-02-18 11:54:43 [main] DEBUG org.hibernate.SQL - 
    insert 
    into
        items
        (is_available, description, name, owner_id, request_id, id) 
    values
        (?, ?, ?, ?, ?, default)
2026-02-18 11:54:43 [main] DEBUG org.hibernate.SQL - 
    insert 
    into
        bookings
        (booker_id, end_date, item_id, start_date, status, id) 
    values
        (?, ?, ?, ?, ?, default)
2026-02-18 11:54:43 [main] DEBUG org.hibernate.SQL - 
    insert 
    into
        bookings
        (booker_id, end_date, item_id, start_date, status, id) 
    values
        (?, ?, ?, ?, ?, default)
2026-02-18 11:54:43 [main] DEBUG org.hibernate.SQL - 
    insert 
    into
        comments
        (author_id, created, item_id, text, id) 
    values
        (?, ?, ?, ?, default)
2026-02-18 11:54:43 [main] DEBUG org.hibernate.SQL - 
    select
        b1_0.end_date 
    from
        bookings b1_0 
    where
        b1_0.item_id=? 
        and b1_0.status='APPROVED' 
        and b1_0.end_date<? 
    order by
        b1_0.end_date desc 
    fetch
        first 1 rows only
2026-02-18 11:54:43 [main] DEBUG org.hibernate.SQL - 
    select
        b1_0.start_date 
    from
        bookings b1_0 
    where
        b1_0.item_id=? 
        and b1_0.status='APPROVED' 
        and b1_0.start_date>? 
    order by
        b1_0.start_date 
    fetch
        first 1 rows only
2026-02-18 11:54:43 [main] DEBUG org.hibernate.SQL - 
    select
        c1_0.id,
        c1_0.author_id,
        c1_0.created,
        c1_0.item_id,
        c1_0.text 
    from
        comments c1_0 
    where
        c1_0.item_id=? 
    order by
        c1_0.created desc
2026-02-18 11:54:43 [main] DEBUG org.hibernate.SQL - 
    insert 
    into
        users
        (email, name, id) 
    values
        (?, ?, default)
2026-02-18 11:54:43 [main] DEBUG org.hibernate.SQL - 
    insert 
    into
        users
        (email, name, id) 
    values
        (?, ?, default)
2026-02-18 11:54:43 [main] DEBUG org.hibernate.SQL - 
    insert 
    into
        items
        (is_available, description, name, owner_id, request_id, id) 
    values
        (?, ?, ?, ?, ?, default)
2026-02-18 11:54:43 [main] DEBUG org.hibernate.SQL - 
    insert 
    into
        bookings
        (booker_id, end_date, item_id, start_date, status, id) 
    values
        (?, ?, ?, ?, ?, default)
2026-02-18 11:54:43 [main] DEBUG org.hibernate.SQL - 
    select
        count(b1_0.id)>0 
    from
        bookings b1_0 
    where
        b1_0.booker_id=? 
        and b1_0.item_id=? 
        and b1_0.status='APPROVED' 
        and b1_0.end_date<?
2026-02-18 11:54:43 [main] DEBUG org.hibernate.SQL - 
    insert 
    into
        comments
        (author_id, created, item_id, text, id) 
    values
        (?, ?, ?, ?, default)
2026-02-18 11:54:43 [main] INFO  r.practicum.shareit.item.ItemService - Комментарий создан с ID: 2
2026-02-18 11:54:43 [main] DEBUG org.hibernate.SQL - 
    insert 
    into
        users
        (email, name, id) 
    values
        (?, ?, default)
2026-02-18 11:54:43 [main] DEBUG org.hibernate.SQL - 
    insert 
    into
        items
        (is_available, description, name, owner_id, request_id, id) 
    values
        (?, ?, ?, ?, ?, default)
2026-02-18 11:54:43 [main] DEBUG org.hibernate.SQL - 
    select
        i1_0.id,
        i1_0.is_available,
        i1_0.description,
        i1_0.name,
        i1_0.owner_id,
        i1_0.request_id 
    from
        items i1_0 
    where
        i1_0.is_available=true 
        and (
            lower(i1_0.name) like lower(('%'||?||'%')) escape '' 
            or lower(i1_0.description) like lower(('%'||?||'%')) escape ''
        )
2026-02-18 11:54:43 [main] DEBUG org.hibernate.SQL - 
    insert 
    into
        users
        (email, name, id) 
    values
        (?, ?, default)
2026-02-18 11:54:43 [main] DEBUG org.hibernate.SQL - 
    insert 
    into
        items
        (is_available, description, name, owner_id, request_id, id) 
    values
        (?, ?, ?, ?, ?, default)
2026-02-18 11:54:43 [main] INFO  r.practicum.shareit.item.ItemService - Обновлена вещь с ID: 11
2026-02-18 11:54:43 [main] DEBUG org.hibernate.SQL - 
    insert 
    into
        users
        (email, name, id) 
    values
        (?, ?, default)
2026-02-18 11:54:43 [main] DEBUG org.hibernate.SQL - 
    insert 
    into
        users
        (email, name, id) 
    values
        (?, ?, default)
2026-02-18 11:54:43 [main] DEBUG org.hibernate.SQL - 
    insert 
    into
        items
        (is_available, description, name, owner_id, request_id, id) 
    values
        (?, ?, ?, ?, ?, default)
2026-02-18 11:54:43 [main] DEBUG org.hibernate.SQL - 
    insert 
    into
        items
        (is_available, description, name, owner_id, request_id, id) 
    values
        (?, ?, ?, ?, ?, default)
2026-02-18 11:54:43 [main] DEBUG org.hibernate.SQL - 
    insert 
    into
        bookings
        (booker_id, end_date, item_id, start_date, status, id) 
    values
        (?, ?, ?, ?, ?, default)
2026-02-18 11:54:43 [main] DEBUG org.hibernate.SQL - 
    insert 
    into
        bookings
        (booker_id, end_date, item_id, start_date, status, id) 
    values
        (?, ?, ?, ?, ?, default)
2026-02-18 11:54:43 [main] DEBUG org.hibernate.SQL - 
    select
        i1_0.id,
        i1_0.is_available,
        i1_0.description,
        i1_0.name,
        i1_0.owner_id,
        i1_0.request_id 
    from
        items i1_0 
    where
        i1_0.owner_id=? 
    order by
        i1_0.id
2026-02-18 11:54:43 [main] DEBUG org.hibernate.SQL - 
    select
        b1_0.end_date 
    from
        bookings b1_0 
    where
        b1_0.item_id=? 
        and b1_0.status='APPROVED' 
        and b1_0.end_date<? 
    order by
        b1_0.end_date desc 
    fetch
        first 1 rows only
2026-02-18 11:54:43 [main] DEBUG org.hibernate.SQL - 
    select
        b1_0.start_date 
    from
        bookings b1_0 
    where
        b1_0.item_id=? 
        and b1_0.status='APPROVED' 
        and b1_0.start_date>? 
    order by
        b1_0.start_date 
    fetch
        first 1 rows only
2026-02-18 11:54:43 [main] DEBUG org.hibernate.SQL - 
    select
        c1_0.id,
        c1_0.author_id,
        c1_0.created,
        c1_0.item_id,
        c1_0.text 
    from
        comments c1_0 
    where
        c1_0.item_id=? 
    order by
        c1_0.created desc
2026-02-18 11:54:43 [main] DEBUG org.hibernate.SQL - 
    insert 
    into
        users
        (email, name, id) 
    values
        (?, ?, default)
2026-02-18 11:54:43 [main] DEBUG org.hibernate.SQL - 
    insert 
    into
        items
        (is_available, description, name, owner_id, request_id, id) 
    values
        (?, ?, ?, ?, ?, default)
2026-02-18 11:54:43 [main] INFO  r.practicum.shareit.item.ItemService - Создана вещь с ID: 14, владелец ID: 32
2026-02-18 11:54:43 [main] DEBUG org.hibernate.SQL - 
    insert 
    into
        users
        (email, name, id) 
    values
        (?, ?, default)
2026-02-18 11:54:43 [main] DEBUG org.hibernate.SQL - 
    insert 
    into
        users
        (email, name, id) 
    values
        (?, ?, default)
2026-02-18 11:54:43 [main] DEBUG org.hibernate.SQL - 
    insert 
    into
        items
        (is_available, description, name, owner_id, request_id, id) 
    values
        (?, ?, ?, ?, ?, default)
2026-02-18 11:54:43 [main] DEBUG org.hibernate.SQL - 
    select
        count(b1_0.id)>0 
    from
        bookings b1_0 
    where
        b1_0.booker_id=? 
        and b1_0.item_id=? 
        and b1_0.status='APPROVED' 
        and b1_0.end_date<?
2026-02-18 11:54:43 [SpringApplicationShutdownHook] DEBUG org.hibernate.SQL - 
    drop table if exists bookings cascade 
2026-02-18 11:54:43 [SpringApplicationShutdownHook] DEBUG org.hibernate.SQL - 
    drop table if exists comments cascade 
2026-02-18 11:54:43 [SpringApplicationShutdownHook] DEBUG org.hibernate.SQL - 
    drop table if exists items cascade 
2026-02-18 11:54:43 [SpringApplicationShutdownHook] DEBUG org.hibernate.SQL - 
    drop table if exists requests cascade 
2026-02-18 11:54:43 [SpringApplicationShutdownHook] DEBUG org.hibernate.SQL - 
    drop table if exists users cascade 
2026-02-18 11:54:55 [main] INFO  r.p.s.u.UserServiceIntegrationTest - Starting UserServiceIntegrationTest using Java 21.0.9 with PID 8044 (started by simon in /home/simon/dev/java-shareit/server)
2026-02-18 11:54:55 [main] DEBUG r.p.s.u.UserServiceIntegrationTest - Running with Spring Boot v3.3.2, Spring v6.1.11
2026-02-18 11:54:55 [main] INFO  r.p.s.u.UserServiceIntegrationTest - The following 1 profile is active: "test"
2026-02-18 11:54:57 [main] WARN  org.hibernate.orm.deprecation - HHH90000025: H2Dialect does not need to be specified explicitly using 'hibernate.dialect' (remove the property setting and it will be selected by default)
2026-02-18 11:54:57 [main] DEBUG org.hibernate.SQL - 
    drop table if exists bookings cascade 
2026-02-18 11:54:57 [main] DEBUG org.hibernate.SQL - 
    drop table if exists comments cascade 
2026-02-18 11:54:57 [main] DEBUG org.hibernate.SQL - 
    drop table if exists items cascade 
2026-02-18 11:54:57 [main] DEBUG org.hibernate.SQL - 
    drop table if exists requests cascade 
2026-02-18 11:54:57 [main] DEBUG org.hibernate.SQL - 
    drop table if exists users cascade 
2026-02-18 11:54:57 [main] DEBUG org.hibernate.SQL - 
    create table bookings (
        booker_id bigint not null,
        end_date timestamp(6) not null,
        id bigint generated by default as identity,
        item_id bigint not null,
        start_date timestamp(6) not null,
        status enum ('APPROVED','CANCELED','REJECTED','WAITING') not null,
        primary key (id)
    )
2026-02-18 11:54:57 [main] DEBUG org.hibernate.SQL - 
    create table comments (
        author_id bigint not null,
        created timestamp(6) not null,
        id bigint generated by default as identity,
        item_id bigint not null,
        text TEXT not null,
        primary key (id)
    )
2026-02-18 11:54:57 [main] DEBUG org.hibernate.SQL - 
    create table items (
        is_available boolean not null,
        id bigint generated by default as identity,
        owner_id bigint not null,
        request_id bigint,
        description varchar(1000) not null,
        name varchar(255) not null,
        primary key (id)
    )
2026-02-18 11:54:57 [main] DEBUG org.hibernate.SQL - 
    create table requests (
        created_date timestamp(6) not null,
        id bigint generated by default as identity,
        requester_id bigint not null,
        description varchar(255) not null,
        primary key (id)
    )
2026-02-18 11:54:57 [main] DEBUG org.hibernate.SQL - 
    create table users (
        id bigint generated by default as identity,
        email varchar(512) not null unique,
        name varchar(255) not null,
        primary key (id)
    )
2026-02-18 11:54:57 [main] DEBUG org.hibernate.SQL - 
    alter table if exists bookings 
       add constraint FKc9bnqnreuuvddcscmp59fowih 
       foreign key (booker_id) 
       references users
2026-02-18 11:54:57 [main] DEBUG org.hibernate.SQL - 
    alter table if exists bookings 
       add constraint FKbtv44e8p4a4pq8hfuakjbtfpc 
       foreign key (item_id) 
       references items
2026-02-18 11:54:57 [main] DEBUG org.hibernate.SQL - 
    alter table if exists comments 
       add constraint FKn2na60ukhs76ibtpt9burkm27 
       foreign key (author_id) 
       references users
2026-02-18 11:54:57 [main] DEBUG org.hibernate.SQL - 
    alter table if exists comments 
       add constraint FKkbkydvf8j8tfuego2iqxntwv2 
       foreign key (item_id) 
       references items
2026-02-18 11:54:57 [main] DEBUG org.hibernate.SQL - 
    alter table if exists items 
       add constraint FKe37yi0i6rmaqcqickvb1vty22 
       foreign key (owner_id) 
       references users
2026-02-18 11:54:57 [main] DEBUG org.hibernate.SQL - 
    alter table if exists items 
       add constraint FKt16u3oeb0g6y6t9mq43idponc 
       foreign key (request_id) 
       references requests
2026-02-18 11:54:57 [main] DEBUG org.hibernate.SQL - 
    alter table if exists requests 
       add constraint FKeoax2t4j9i61p9lmon3009tr4 
       foreign key (requester_id) 
       references users
2026-02-18 11:54:59 [main] WARN  o.s.b.a.o.j.JpaBaseConfiguration$JpaWebConfiguration - spring.jpa.open-in-view is enabled by default. Therefore, database queries may be performed during view rendering. Explicitly configure spring.jpa.open-in-view to disable this warning
2026-02-18 11:55:00 [main] INFO  r.p.s.u.UserServiceIntegrationTest - Started UserServiceIntegrationTest in 5.633 seconds (process running for 6.658)
2026-02-18 11:55:01 [main] DEBUG org.hibernate.SQL - 
    select
        u1_0.id 
    from
        users u1_0 
    where
        u1_0.email=? 
    fetch
        first ? rows only
2026-02-18 11:55:01 [main] DEBUG org.hibernate.SQL - 
    insert 
    into
        users
        (email, name, id) 
    values
        (?, ?, default)
2026-02-18 11:55:01 [main] INFO  r.practicum.shareit.user.UserService - Создан пользователь с ID: 1
2026-02-18 11:55:01 [main] DEBUG org.hibernate.SQL - 
    insert 
    into
        users
        (email, name, id) 
    values
        (?, ?, default)
2026-02-18 11:55:01 [main] DEBUG org.hibernate.SQL - 
    select
        count(*) 
    from
        users u1_0 
    where
        u1_0.id=?
2026-02-18 11:55:01 [main] INFO  r.practicum.shareit.user.UserService - Удален пользователь с ID: 2
2026-02-18 11:55:01 [main] DEBUG org.hibernate.SQL - 
    insert 
    into
        users
        (email, name, id) 
    values
        (?, ?, default)
2026-02-18 11:55:01 [main] DEBUG org.hibernate.SQL - 
    select
        u1_0.id,
        u1_0.email,
        u1_0.name 
    from
        users u1_0 
    where
        u1_0.id=?
2026-02-18 11:55:01 [main] DEBUG org.hibernate.SQL - 
    insert 
    into
        users
        (email, name, id) 
    values
        (?, ?, default)
2026-02-18 11:55:01 [main] DEBUG org.hibernate.SQL - 
    select
        u1_0.id 
    from
        users u1_0 
    where
        u1_0.email=? 
    fetch
        first ? rows only
2026-02-18 11:55:01 [main] INFO  r.practicum.shareit.user.UserService - Обновлен пользователь с ID: 4
2026-02-18 11:55:01 [main] DEBUG org.hibernate.SQL - 
    insert 
    into
        users
        (email, name, id) 
    values
        (?, ?, default)
2026-02-18 11:55:01 [main] DEBUG org.hibernate.SQL - 
    select
        u1_0.id 
    from
        users u1_0 
    where
        u1_0.email=? 
    fetch
        first ? rows only
2026-02-18 11:55:01 [main] INFO  r.p.shareit.user.UserControllerTest - Starting UserControllerTest using Java 21.0.9 with PID 8044 (started by simon in /home/simon/dev/java-shareit/server)
2026-02-18 11:55:01 [main] DEBUG r.p.shareit.user.UserControllerTest - Running with Spring Boot v3.3.2, Spring v6.1.11
2026-02-18 11:55:01 [main] INFO  r.p.shareit.user.UserControllerTest - The following 1 profile is active: "test"
2026-02-18 11:55:01 [main] INFO  r.p.shareit.user.UserControllerTest - Started UserControllerTest in 0.613 seconds (process running for 8.178)
2026-02-18 11:55:02 [main] INFO  r.p.shareit.user.UserController - GET /users/1 - получение пользователя
2026-02-18 11:55:02 [main] INFO  r.p.shareit.user.UserController - PATCH /users/1 - обновление пользователя: UserDto(id=null, name=NewName, email=new@example.com)
2026-02-18 11:55:02 [main] INFO  r.p.shareit.user.UserController - GET /users - получение всех пользователей
2026-02-18 11:55:02 [main] INFO  r.p.shareit.user.UserController - POST /users - создание пользователя: UserDto(id=null, name=John, email=john@example.com)
2026-02-18 11:55:02 [main] INFO  r.p.shareit.user.UserController - DELETE /users/1 - удаление пользователя
2026-02-18 11:55:02 [main] INFO  r.p.shareit.user.UserDtoJsonTest - Starting UserDtoJsonTest using Java 21.0.9 with PID 8044 (started by simon in /home/simon/dev/java-shareit/server)
2026-02-18 11:55:02 [main] DEBUG r.p.shareit.user.UserDtoJsonTest - Running with Spring Boot v3.3.2, Spring v6.1.11
2026-02-18 11:55:02 [main] INFO  r.p.shareit.user.UserDtoJsonTest - The following 1 profile is active: "test"
2026-02-18 11:55:02 [main] INFO  r.p.shareit.user.UserDtoJsonTest - Started UserDtoJsonTest in 0.206 seconds (process running for 8.718)
2026-02-18 11:55:02 [main] DEBUG org.hibernate.SQL - 
    insert 
    into
        users
        (email, name, id) 
    values
        (?, ?, default)
2026-02-18 11:55:02 [main] DEBUG org.hibernate.SQL - 
    insert 
    into
        users
        (email, name, id) 
    values
        (?, ?, default)
2026-02-18 11:55:02 [main] DEBUG org.hibernate.SQL - 
    insert 
    into
        requests
        (created_date, description, requester_id, id) 
    values
        (?, ?, ?, default)
2026-02-18 11:55:02 [main] DEBUG org.hibernate.SQL - 
    insert 
    into
        items
        (is_available, description, name, owner_id, request_id, id) 
    values
        (?, ?, ?, ?, ?, default)
2026-02-18 11:55:02 [main] DEBUG org.hibernate.SQL - 
    select
        ir1_0.id,
        ir1_0.created_date,
        ir1_0.description,
        ir1_0.requester_id 
    from
        requests ir1_0 
    where
        ir1_0.id=?
2026-02-18 11:55:02 [main] DEBUG org.hibernate.SQL - 
    select
        ir1_0.id,
        ir1_0.created_date,
        ir1_0.description,
        ir1_0.requester_id 
    from
        requests ir1_0 
    where
        ir1_0.requester_id=? 
    order by
        ir1_0.created_date desc
2026-02-18 11:55:02 [main] DEBUG org.hibernate.SQL - 
    select
        i1_0.request_id,
        i1_0.id,
        i1_0.is_available,
        i1_0.description,
        i1_0.name,
        i1_0.owner_id 
    from
        items i1_0 
    where
        i1_0.request_id=?
2026-02-18 11:55:02 [main] DEBUG org.hibernate.SQL - 
    insert 
    into
        users
        (email, name, id) 
    values
        (?, ?, default)
2026-02-18 11:55:02 [main] DEBUG org.hibernate.SQL - 
    insert 
    into
        users
        (email, name, id) 
    values
        (?, ?, default)
2026-02-18 11:55:02 [main] DEBUG org.hibernate.SQL - 
    insert 
    into
        requests
        (created_date, description, requester_id, id) 
    values
        (?, ?, ?, default)
2026-02-18 11:55:02 [main] DEBUG org.hibernate.SQL - 
    insert 
    into
        items
        (is_available, description, name, owner_id, request_id, id) 
    values
        (?, ?, ?, ?, ?, default)
2026-02-18 11:55:02 [main] DEBUG org.hibernate.SQL - 
    select
        ir1_0.id,
        ir1_0.created_date,
        ir1_0.description,
        ir1_0.requester_id 
    from
        requests ir1_0 
    where
        ir1_0.id=?
2026-02-18 11:55:02 [main] DEBUG org.hibernate.SQL - 
    select
        ir1_0.id,
        ir1_0.created_date,
        ir1_0.description,
        i1_0.request_id,
        i1_0.id,
        i1_0.is_available,
        i1_0.description,
        i1_0.name,
        i1_0.owner_id,
        ir1_0.requester_id 
    from
        requests ir1_0 
    left join
        items i1_0 
            on ir1_0.id=i1_0.request_id 
    where
        ir1_0.id=?
2026-02-18 11:55:02 [main] DEBUG org.hibernate.SQL - 
    insert 
    into
        users
        (email, name, id) 
    values
        (?, ?, default)
2026-02-18 11:55:02 [main] DEBUG org.hibernate.SQL - 
    insert 
    into
        requests
        (created_date, description, requester_id, id) 
    values
        (?, ?, ?, default)
2026-02-18 11:55:02 [main] DEBUG org.hibernate.SQL - 
    insert 
    into
        users
        (email, name, id) 
    values
        (?, ?, default)
2026-02-18 11:55:02 [main] DEBUG org.hibernate.SQL - 
    insert 
    into
        users
        (email, name, id) 
    values
        (?, ?, default)
2026-02-18 11:55:02 [main] DEBUG org.hibernate.SQL - 
    insert 
    into
        users
        (email, name, id) 
    values
        (?, ?, default)
2026-02-18 11:55:02 [main] DEBUG org.hibernate.SQL - 
    insert 
    into
        requests
        (created_date, description, requester_id, id) 
    values
        (?, ?, ?, default)
2026-02-18 11:55:02 [main] DEBUG org.hibernate.SQL - 
    insert 
    into
        requests
        (created_date, description, requester_id, id) 
    values
        (?, ?, ?, default)
2026-02-18 11:55:02 [main] DEBUG org.hibernate.SQL - 
    select
        ir1_0.id,
        ir1_0.created_date,
        ir1_0.description,
        ir1_0.requester_id 
    from
        requests ir1_0 
    where
        ir1_0.requester_id<>? 
    order by
        ir1_0.created_date desc,
        ir1_0.created_date desc 
    fetch
        first ? rows only
2026-02-18 11:55:02 [main] INFO  r.p.s.r.ItemRequestControllerTest - Starting ItemRequestControllerTest using Java 21.0.9 with PID 8044 (started by simon in /home/simon/dev/java-shareit/server)
2026-02-18 11:55:02 [main] DEBUG r.p.s.r.ItemRequestControllerTest - Running with Spring Boot v3.3.2, Spring v6.1.11
2026-02-18 11:55:02 [main] INFO  r.p.s.r.ItemRequestControllerTest - The following 1 profile is active: "test"
2026-02-18 11:55:03 [main] INFO  r.p.s.r.ItemRequestControllerTest - Started ItemRequestControllerTest in 0.478 seconds (process running for 9.453)
2026-02-18 11:55:03 [main] DEBUG org.hibernate.SQL - 
    insert 
    into
        users
        (email, name, id) 
    values
        (?, ?, default)
2026-02-18 11:55:03 [main] DEBUG org.hibernate.SQL - 
    insert 
    into
        users
        (email, name, id) 
    values
        (?, ?, default)
2026-02-18 11:55:03 [main] DEBUG org.hibernate.SQL - 
    insert 
    into
        items
        (is_available, description, name, owner_id, request_id, id) 
    values
        (?, ?, ?, ?, ?, default)
2026-02-18 11:55:03 [main] DEBUG org.hibernate.SQL - 
    insert 
    into
        bookings
        (booker_id, end_date, item_id, start_date, status, id) 
    values
        (?, ?, ?, ?, ?, default)
2026-02-18 11:55:03 [main] DEBUG org.hibernate.SQL - 
    insert 
    into
        bookings
        (booker_id, end_date, item_id, start_date, status, id) 
    values
        (?, ?, ?, ?, ?, default)
2026-02-18 11:55:03 [main] DEBUG org.hibernate.SQL - 
    select
        count(*) 
    from
        users u1_0 
    where
        u1_0.id=?
2026-02-18 11:55:03 [main] DEBUG org.hibernate.SQL - 
    select
        b1_0.id,
        b1_0.booker_id,
        b1_0.end_date,
        b1_0.item_id,
        b1_0.start_date,
        b1_0.status 
    from
        bookings b1_0 
    where
        b1_0.booker_id=? 
    order by
        b1_0.start_date desc 
    fetch
        first ? rows only
2026-02-18 11:55:03 [main] DEBUG org.hibernate.SQL - 
    select
        count(*) 
    from
        users u1_0 
    where
        u1_0.id=?
2026-02-18 11:55:03 [main] DEBUG org.hibernate.SQL - 
    select
        b1_0.id,
        b1_0.booker_id,
        b1_0.end_date,
        b1_0.item_id,
        b1_0.start_date,
        b1_0.status 
    from
        bookings b1_0 
    where
        b1_0.booker_id=? 
        and b1_0.end_date<? 
    order by
        b1_0.start_date desc 
    fetch
        first ? rows only
2026-02-18 11:55:03 [main] DEBUG org.hibernate.SQL - 
    insert 
    into
        users
        (email, name, id) 
    values
        (?, ?, default)
2026-02-18 11:55:03 [main] DEBUG org.hibernate.SQL - 
    insert 
    into
        users
        (email, name, id) 
    values
        (?, ?, default)
2026-02-18 11:55:03 [main] DEBUG org.hibernate.SQL - 
    insert 
    into
        items
        (is_available, description, name, owner_id, request_id, id) 
    values
        (?, ?, ?, ?, ?, default)
2026-02-18 11:55:03 [main] DEBUG org.hibernate.SQL - 
    insert 
    into
        bookings
        (booker_id, end_date, item_id, start_date, status, id) 
    values
        (?, ?, ?, ?, ?, default)
2026-02-18 11:55:03 [main] INFO  r.p.shareit.booking.BookingService - Бронирование с ID: 3 подтверждено
2026-02-18 11:55:03 [main] DEBUG org.hibernate.SQL - 
    insert 
    into
        users
        (email, name, id) 
    values
        (?, ?, default)
2026-02-18 11:55:03 [main] DEBUG org.hibernate.SQL - 
    insert 
    into
        users
        (email, name, id) 
    values
        (?, ?, default)
2026-02-18 11:55:03 [main] DEBUG org.hibernate.SQL - 
    insert 
    into
        items
        (is_available, description, name, owner_id, request_id, id) 
    values
        (?, ?, ?, ?, ?, default)
2026-02-18 11:55:03 [main] DEBUG org.hibernate.SQL - 
    select
        b1_0.id,
        b1_0.booker_id,
        b1_0.end_date,
        b1_0.item_id,
        b1_0.start_date,
        b1_0.status 
    from
        bookings b1_0 
    where
        b1_0.item_id=? 
        and b1_0.status='APPROVED' 
        and (
            (
                b1_0.start_date<? 
                and b1_0.end_date>?
            )
        )
2026-02-18 11:55:03 [main] DEBUG org.hibernate.SQL - 
    insert 
    into
        bookings
        (booker_id, end_date, item_id, start_date, status, id) 
    values
        (?, ?, ?, ?, ?, default)
2026-02-18 11:55:03 [main] INFO  r.p.shareit.booking.BookingService - Создано бронирование с ID: 4
2026-02-18 11:55:03 [main] DEBUG org.hibernate.SQL - 
    insert 
    into
        users
        (email, name, id) 
    values
        (?, ?, default)
2026-02-18 11:55:03 [main] DEBUG org.hibernate.SQL - 
    insert 
    into
        users
        (email, name, id) 
    values
        (?, ?, default)
2026-02-18 11:55:03 [main] DEBUG org.hibernate.SQL - 
    insert 
    into
        items
        (is_available, description, name, owner_id, request_id, id) 
    values
        (?, ?, ?, ?, ?, default)
2026-02-18 11:55:03 [main] DEBUG org.hibernate.SQL - 
    insert 
    into
        bookings
        (booker_id, end_date, item_id, start_date, status, id) 
    values
        (?, ?, ?, ?, ?, default)
2026-02-18 11:55:03 [main] DEBUG org.hibernate.SQL - 
    select
        count(*) 
    from
        users u1_0 
    where
        u1_0.id=?
2026-02-18 11:55:03 [main] DEBUG org.hibernate.SQL - 
    select
        b1_0.id,
        b1_0.booker_id,
        b1_0.end_date,
        b1_0.item_id,
        b1_0.start_date,
        b1_0.status 
    from
        bookings b1_0 
    left join
        items i1_0 
            on i1_0.id=b1_0.item_id 
    where
        i1_0.owner_id=? 
    order by
        b1_0.start_date desc 
    fetch
        first ? rows only
2026-02-18 11:55:03 [main] DEBUG org.hibernate.SQL - 
    insert 
    into
        users
        (email, name, id) 
    values
        (?, ?, default)
2026-02-18 11:55:03 [main] DEBUG org.hibernate.SQL - 
    insert 
    into
        users
        (email, name, id) 
    values
        (?, ?, default)
2026-02-18 11:55:03 [main] DEBUG org.hibernate.SQL - 
    insert 
    into
        items
        (is_available, description, name, owner_id, request_id, id) 
    values
        (?, ?, ?, ?, ?, default)
2026-02-18 11:55:03 [main] DEBUG org.hibernate.SQL - 
    insert 
    into
        bookings
        (booker_id, end_date, item_id, start_date, status, id) 
    values
        (?, ?, ?, ?, ?, default)
2026-02-18 11:55:03 [main] INFO  r.p.s.booking.BookingControllerTest - Starting BookingControllerTest using Java 21.0.9 with PID 8044 (started by simon in /home/simon/dev/java-shareit/server)
2026-02-18 11:55:03 [main] DEBUG r.p.s.booking.BookingControllerTest - Running with Spring Boot v3.3.2, Spring v6.1.11
2026-02-18 11:55:03 [main] INFO  r.p.s.booking.BookingControllerTest - The following 1 profile is active: "test"
2026-02-18 11:55:03 [main] INFO  r.p.s.booking.BookingControllerTest - Started BookingControllerTest in 0.318 seconds (process running for 10.111)
2026-02-18 11:55:03 [main] INFO  r.p.s.booking.BookingController - POST /bookings - создание бронирования пользователем ID: 1
2026-02-18 11:55:03 [main] INFO  r.p.s.booking.BookingController - GET /bookings?state=ALL - получение бронирований пользователя ID: 1 с состоянием ALL
2026-02-18 11:55:03 [main] INFO  r.p.s.booking.BookingController - PATCH /bookings/1?approved=true - подтверждение/отклонение бронирования пользователем ID: 1
2026-02-18 11:55:03 [main] INFO  r.p.s.booking.BookingController - GET /bookings/1 - получение бронирования по ID пользователем ID: 1
2026-02-18 11:55:03 [main] INFO  r.p.s.booking.BookingController - GET /bookings/owner?state=ALL - получение бронирований вещей владельца ID: 1 с состоянием ALL
2026-02-18 11:55:04 [main] INFO  r.p.shareit.item.ItemControllerTest - Starting ItemControllerTest using Java 21.0.9 with PID 8044 (started by simon in /home/simon/dev/java-shareit/server)
2026-02-18 11:55:04 [main] DEBUG r.p.shareit.item.ItemControllerTest - Running with Spring Boot v3.3.2, Spring v6.1.11
2026-02-18 11:55:04 [main] INFO  r.p.shareit.item.ItemControllerTest - The following 1 profile is active: "test"
2026-02-18 11:55:04 [main] INFO  r.p.shareit.item.ItemControllerTest - Started ItemControllerTest in 0.296 seconds (process running for 10.545)
2026-02-18 11:55:04 [main] INFO  r.p.shareit.item.ItemController - GET /items/1 - получение вещи
2026-02-18 11:55:04 [main] INFO  r.p.shareit.item.ItemController - POST /items/1/comment - добавление комментария пользователем ID: 1
2026-02-18 11:55:04 [main] INFO  r.p.shareit.item.ItemController - PATCH /items/1 - обновление вещи пользователем ID: 1
2026-02-18 11:55:04 [main] INFO  r.p.shareit.item.ItemController - GET /items/search?text=hammer - поиск вещей
2026-02-18 11:55:04 [main] INFO  r.p.shareit.item.ItemController - POST /items - создание вещи пользователем ID: 1
2026-02-18 11:55:04 [main] INFO  r.p.shareit.item.ItemController - GET /items - получение вещей пользователя ID: 1
2026-02-18 11:55:04 [main] DEBUG org.hibernate.SQL - 
    insert 
    into
        users
        (email, name, id) 
    values
        (?, ?, default)
2026-02-18 11:55:04 [main] DEBUG org.hibernate.SQL - 
    insert 
    into
        users
        (email, name, id) 
    values
        (?, ?, default)
2026-02-18 11:55:04 [main] DEBUG org.hibernate.SQL - 
    insert 
    into
        items
        (is_available, description, name, owner_id, request_id, id) 
    values
        (?, ?, ?, ?, ?, default)
2026-02-18 11:55:04 [main] DEBUG org.hibernate.SQL - 
    insert 
    into
        bookings
        (booker_id, end_date, item_id, start_date, status, id) 
    values
        (?, ?, ?, ?, ?, default)
2026-02-18 11:55:04 [main] DEBUG org.hibernate.SQL - 
    insert 
    into
        bookings
        (booker_id, end_date, item_id, start_date, status, id) 
    values
        (?, ?, ?, ?, ?, default)
2026-02-18 11:55:04 [main] DEBUG org.hibernate.SQL - 
    insert 
    into
        comments
        (author_id, created, item_id, text, id) 
    values
        (?, ?, ?, ?, default)
2026-02-18 11:55:04 [main] DEBUG org.hibernate.SQL - 
    select
        b1_0.end_date 
    from
        bookings b1_0 
    where
        b1_0.item_id=? 
        and b1_0.status='APPROVED' 
        and b1_0.end_date<? 
    order by
        b1_0.end_date desc 
    fetch
        first 1 rows only
2026-02-18 11:55:04 [main] DEBUG org.hibernate.SQL - 
    select
        b1_0.start_date 
    from
        bookings b1_0 
    where
        b1_0.item_id=? 
        and b1_0.status='APPROVED' 
        and b1_0.start_date>? 
    order by
        b1_0.start_date 
    fetch
        first 1 rows only
2026-02-18 11:55:04 [main] DEBUG org.hibernate.SQL - 
    select
        c1_0.id,
        c1_0.author_id,
        c1_0.created,
        c1_0.item_id,
        c1_0.text 
    from
        comments c1_0 
    where
        c1_0.item_id=? 
    order by
        c1_0.created desc
2026-02-18 11:55:04 [main] DEBUG org.hibernate.SQL - 
    insert 
    into
        users
        (email, name, id) 
    values
        (?, ?, default)
2026-02-18 11:55:04 [main] DEBUG org.hibernate.SQL - 
    insert 
    into
        users
        (email, name, id) 
    values
        (?, ?, default)
2026-02-18 11:55:04 [main] DEBUG org.hibernate.SQL - 
    insert 
    into
        items
        (is_available, description, name, owner_id, request_id, id) 
    values
        (?, ?, ?, ?, ?, default)
2026-02-18 11:55:04 [main] DEBUG org.hibernate.SQL - 
    insert 
    into
        bookings
        (booker_id, end_date, item_id, start_date, status, id) 
    values
        (?, ?, ?, ?, ?, default)
2026-02-18 11:55:04 [main] DEBUG org.hibernate.SQL - 
    select
        count(b1_0.id)>0 
    from
        bookings b1_0 
    where
        b1_0.booker_id=? 
        and b1_0.item_id=? 
        and b1_0.status='APPROVED' 
        and b1_0.end_date<?
2026-02-18 11:55:04 [main] DEBUG org.hibernate.SQL - 
    insert 
    into
        comments
        (author_id, created, item_id, text, id) 
    values
        (?, ?, ?, ?, default)
2026-02-18 11:55:04 [main] INFO  r.practicum.shareit.item.ItemService - Комментарий создан с ID: 2
2026-02-18 11:55:04 [main] DEBUG org.hibernate.SQL - 
    insert 
    into
        users
        (email, name, id) 
    values
        (?, ?, default)
2026-02-18 11:55:04 [main] DEBUG org.hibernate.SQL - 
    insert 
    into
        items
        (is_available, description, name, owner_id, request_id, id) 
    values
        (?, ?, ?, ?, ?, default)
2026-02-18 11:55:04 [main] DEBUG org.hibernate.SQL - 
    select
        i1_0.id,
        i1_0.is_available,
        i1_0.description,
        i1_0.name,
        i1_0.owner_id,
        i1_0.request_id 
    from
        items i1_0 
    where
        i1_0.is_available=true 
        and (
            lower(i1_0.name) like lower(('%'||?||'%')) escape '' 
            or lower(i1_0.description) like lower(('%'||?||'%')) escape ''
        )
2026-02-18 11:55:04 [main] DEBUG org.hibernate.SQL - 
    insert 
    into
        users
        (email, name, id) 
    values
        (?, ?, default)
2026-02-18 11:55:04 [main] DEBUG org.hibernate.SQL - 
    insert 
    into
        items
        (is_available, description, name, owner_id, request_id, id) 
    values
        (?, ?, ?, ?, ?, default)
2026-02-18 11:55:04 [main] INFO  r.practicum.shareit.item.ItemService - Обновлена вещь с ID: 11
2026-02-18 11:55:04 [main] DEBUG org.hibernate.SQL - 
    insert 
    into
        users
        (email, name, id) 
    values
        (?, ?, default)
2026-02-18 11:55:04 [main] DEBUG org.hibernate.SQL - 
    insert 
    into
        users
        (email, name, id) 
    values
        (?, ?, default)
2026-02-18 11:55:04 [main] DEBUG org.hibernate.SQL - 
    insert 
    into
        items
        (is_available, description, name, owner_id, request_id, id) 
    values
        (?, ?, ?, ?, ?, default)
2026-02-18 11:55:04 [main] DEBUG org.hibernate.SQL - 
    insert 
    into
        items
        (is_available, description, name, owner_id, request_id, id) 
    values
        (?, ?, ?, ?, ?, default)
2026-02-18 11:55:04 [main] DEBUG org.hibernate.SQL - 
    insert 
    into
        bookings
        (booker_id, end_date, item_id, start_date, status, id) 
    values
        (?, ?, ?, ?, ?, default)
2026-02-18 11:55:04 [main] DEBUG org.hibernate.SQL - 
    insert 
    into
        bookings
        (booker_id, end_date, item_id, start_date, status, id) 
    values
        (?, ?, ?, ?, ?, default)
2026-02-18 11:55:04 [main] DEBUG org.hibernate.SQL - 
    select
        i1_0.id,
        i1_0.is_available,
        i1_0.description,
        i1_0.name,
        i1_0.owner_id,
        i1_0.request_id 
    from
        items i1_0 
    where
        i1_0.owner_id=? 
    order by
        i1_0.id
2026-02-18 11:55:04 [main] DEBUG org.hibernate.SQL - 
    select
        b1_0.end_date 
    from
        bookings b1_0 
    where
        b1_0.item_id=? 
        and b1_0.status='APPROVED' 
        and b1_0.end_date<? 
    order by
        b1_0.end_date desc 
    fetch
        first 1 rows only
2026-02-18 11:55:04 [main] DEBUG org.hibernate.SQL - 
    select
        b1_0.start_date 
    from
        bookings b1_0 
    where
        b1_0.item_id=? 
        and b1_0.status='APPROVED' 
        and b1_0.start_date>? 
    order by
        b1_0.start_date 
    fetch
        first 1 rows only
2026-02-18 11:55:04 [main] DEBUG org.hibernate.SQL - 
    select
        c1_0.id,
        c1_0.author_id,
        c1_0.created,
        c1_0.item_id,
        c1_0.text 
    from
        comments c1_0 
    where
        c1_0.item_id=? 
    order by
        c1_0.created desc
2026-02-18 11:55:04 [main] DEBUG org.hibernate.SQL - 
    insert 
    into
        users
        (email, name, id) 
    values
        (?, ?, default)
2026-02-18 11:55:04 [main] DEBUG org.hibernate.SQL - 
    insert 
    into
        items
        (is_available, description, name, owner_id, request_id, id) 
    values
        (?, ?, ?, ?, ?, default)
2026-02-18 11:55:04 [main] INFO  r.practicum.shareit.item.ItemService - Создана вещь с ID: 14, владелец ID: 32
2026-02-18 11:55:04 [main] DEBUG org.hibernate.SQL - 
    insert 
    into
        users
        (email, name, id) 
    values
        (?, ?, default)
2026-02-18 11:55:04 [main] DEBUG org.hibernate.SQL - 
    insert 
    into
        users
        (email, name, id) 
    values
        (?, ?, default)
2026-02-18 11:55:04 [main] DEBUG org.hibernate.SQL - 
    insert 
    into
        items
        (is_available, description, name, owner_id, request_id, id) 
    values
        (?, ?, ?, ?, ?, default)
2026-02-18 11:55:04 [main] DEBUG org.hibernate.SQL - 
    select
        count(b1_0.id)>0 
    from
        bookings b1_0 
    where
        b1_0.booker_id=? 
        and b1_0.item_id=? 
        and b1_0.status='APPROVED' 
        and b1_0.end_date<?
2026-02-18 11:55:04 [SpringApplicationShutdownHook] DEBUG org.hibernate.SQL - 
    drop table if exists bookings cascade 
2026-02-18 11:55:04 [SpringApplicationShutdownHook] DEBUG org.hibernate.SQL - 
    drop table if exists comments cascade 
2026-02-18 11:55:04 [SpringApplicationShutdownHook] DEBUG org.hibernate.SQL - 
    drop table if exists items cascade 
2026-02-18 11:55:04 [SpringApplicationShutdownHook] DEBUG org.hibernate.SQL - 
    drop table if exists requests cascade 
2026-02-18 11:55:04 [SpringApplicationShutdownHook] DEBUG org.hibernate.SQL - 
    drop table if exists users cascade 
